personId,companyId,title,startYear,endYear,isCurrent
1,608,Senior Analyst,2005,,True
2,148,Manager Designer,2012,,True
3,969,Intern Analyst,2023,,True
4,848,Intern Engineer,2023,,True
5,894,Manager Designer,2022,2026,False
6,478,Lead Consultant,2019,,True
7,456,Senior Consultant,2018,,True
8,80,Lead PM,2022,,True
9,474,Intern Consultant,2021,,True
10,60,Lead Consultant,2022,2026,False
11,643,Junior Designer,2017,2020,False
12,454,Junior PM,2018,,True
13,702,Intern Analyst,2017,2022,False
13,491,Senior Engineer,2019,,True
14,806,Intern Consultant,2024,2026,False
14,684,Director PM,2025,,True
15,663,Lead Designer,2022,2026,False
15,809,Director Analyst,2023,2026,False
17,779,Intern Engineer,2024,,True
18,225,Director Analyst,2020,,True
19,915,Junior Consultant,2012,2015,False
20,466,Junior Consultant,2006,,True
21,472,Lead Designer,2021,,True
22,708,Intern Designer,2019,,True
23,785,Director Analyst,2010,,True
24,648,Manager Consultant,2006,2007,False
25,660,Lead Designer,2007,2010,False
26,287,Intern Consultant,2013,2018,False
27,996,Mid Engineer,2007,,True
28,668,Director Analyst,2008,2014,False
28,942,Director Consultant,2009,,True
29,455,Mid Designer,2008,2009,False
30,449,Lead Designer,2019,,True
31,997,Director Consultant,2014,,True
32,270,Senior PM,2018,,True
33,238,Manager Designer,2018,2019,False
33,840,Intern Designer,2020,,True
34,492,Director Designer,2011,,True
35,968,Mid Designer,2020,2026,False
36,679,Junior Engineer,2019,2025,False
37,39,Lead Engineer,2009,2012,False
38,678,Junior Analyst,2025,2026,False
38,312,Mid Engineer,2029,2026,False
40,261,Junior PM,2022,,True
42,308,Director Designer,2017,2021,False
42,299,Junior Engineer,2020,2026,False
43,558,Manager Engineer,2014,,True
44,946,Intern Designer,2024,,True
46,920,Lead Engineer,2007,2012,False
46,170,Lead Engineer,2010,,True
47,782,Director Consultant,2014,,True
48,60,Mid PM,2023,2026,False
49,295,Manager Analyst,2005,2009,False
50,653,Junior Engineer,2012,,True
51,650,Lead PM,2005,2011,False
51,357,Director Analyst,2006,2008,False
52,464,Intern PM,2019,,True
53,976,Intern Analyst,2007,2011,False
54,285,Junior Analyst,2006,2012,False
54,179,Manager Analyst,2009,2014,False
55,75,Manager Designer,2011,2013,False
56,500,Manager Engineer,2024,2026,False
56,367,Director Designer,2025,,True
57,312,Director Designer,2013,,True
58,632,Junior Analyst,2010,,True
59,872,Mid Designer,2017,,True
60,386,Intern PM,2006,2008,False
60,834,Senior Analyst,2010,,True
62,366,Senior PM,2025,,True
63,162,Junior Designer,2025,,True
64,270,Mid PM,2007,2008,False
64,832,Junior PM,2010,,True
65,761,Mid Engineer,2015,2018,False
65,821,Director Consultant,2018,2022,False
66,185,Lead Analyst,2022,,True
67,247,Intern Consultant,2012,,True
68,757,Mid Designer,2007,2009,False
69,96,Mid PM,2008,2013,False
70,844,Junior Engineer,2015,2016,False
71,598,Mid Analyst,2015,,True
72,436,Lead Analyst,2008,2013,False
73,515,Intern Engineer,2006,,True
75,333,Intern Consultant,2007,,True
76,423,Manager Engineer,2010,,True
77,80,Senior Engineer,2022,2026,False
78,538,Senior Consultant,2015,,True
79,860,Senior PM,2006,,True
80,842,Junior Engineer,2011,2014,False
80,593,Junior Analyst,2012,,True
82,190,Senior Consultant,2021,2022,False
83,938,Junior Consultant,2009,,True
84,158,Senior Designer,2005,,True
85,78,Mid PM,2013,,True
87,256,Director PM,2011,,True
88,140,Intern Engineer,2013,,True
89,602,Manager Analyst,2010,2013,False
89,134,Senior Analyst,2011,,True
90,757,Director Engineer,2006,2008,False
90,629,Mid PM,2009,,True
91,104,Junior Analyst,2011,,True
92,979,Director Analyst,2008,,True
93,261,Director Designer,2015,,True
94,312,Lead Designer,2010,,True
95,439,Junior Consultant,2005,,True
96,179,Manager PM,2006,,True
97,465,Manager Designer,2025,,True
98,564,Manager Consultant,2025,2026,False
99,365,Director Engineer,2017,2019,False
100,983,Director Consultant,2016,2019,False
100,414,Senior Designer,2018,,True
101,894,Lead Engineer,2025,,True
102,273,Director Consultant,2020,,True
103,596,Junior Consultant,2016,,True
104,404,Manager Analyst,2015,2017,False
104,445,Lead PM,2019,,True
105,902,Lead Consultant,2023,,True
106,899,Senior PM,2017,,True
107,487,Junior Designer,2007,,True
108,561,Mid Consultant,2012,2015,False
109,337,Manager Designer,2021,2026,False
111,552,Mid PM,2009,2015,False
112,624,Director Engineer,2022,,True
113,230,Intern Engineer,2021,2026,False
114,473,Intern Analyst,2007,,True
115,486,Senior Engineer,2009,2011,False
116,792,Intern Consultant,2005,,True
117,926,Lead Analyst,2005,2011,False
117,729,Mid PM,2007,,True
118,126,Senior Analyst,2014,,True
119,332,Mid Analyst,2025,,True
120,304,Director Designer,2016,,True
121,472,Manager PM,2009,,True
122,841,Mid PM,2023,2024,False
123,424,Manager Consultant,2017,,True
124,463,Senior PM,2005,,True
125,615,Intern Engineer,2008,,True
126,805,Intern Engineer,2023,2025,False
127,279,Intern Engineer,2023,,True
128,996,Junior Designer,2013,,True
129,211,Lead Engineer,2013,,True
130,559,Intern Engineer,2013,,True
131,222,Intern Consultant,2006,,True
132,999,Lead PM,2014,,True
134,945,Intern Analyst,2010,,True
135,414,Intern Engineer,2022,2024,False
135,938,Mid Analyst,2023,,True
136,917,Mid PM,2015,,True
137,215,Intern Designer,2011,2017,False
137,327,Senior PM,2012,,True
138,951,Intern Analyst,2023,,True
141,119,Junior Engineer,2011,,True
142,311,Manager Engineer,2019,2024,False
142,928,Lead Engineer,2022,,True
143,861,Senior Consultant,2022,,True
144,957,Director PM,2007,2011,False
144,714,Senior PM,2010,,True
145,881,Junior PM,2018,,True
146,988,Intern Designer,2007,2008,False
147,389,Director PM,2008,,True
148,156,Mid Consultant,2008,,True
149,85,Junior Consultant,2015,,True
150,444,Senior Engineer,2010,2013,False
151,346,Mid Analyst,2010,2013,False
152,3,Mid Consultant,2025,2026,False
152,143,Director Engineer,2029,2026,False
153,629,Lead PM,2013,,True
154,290,Lead PM,2021,,True
156,644,Senior Designer,2015,2019,False
157,373,Mid Analyst,2021,,True
158,89,Junior Designer,2019,,True
159,371,Mid Engineer,2017,,True
160,488,Intern Consultant,2006,2007,False
160,24,Director Analyst,2007,,True
161,979,Director Analyst,2018,,True
162,525,Director Engineer,2019,,True
163,833,Lead PM,2018,2024,False
163,422,Mid Engineer,2022,,True
164,8,Senior Analyst,2020,2026,False
165,360,Junior Analyst,2010,2012,False
166,570,Mid Engineer,2009,,True
167,160,Junior Consultant,2021,,True
170,620,Junior Consultant,2008,2009,False
171,356,Director Consultant,2005,2008,False
171,684,Director Designer,2007,,True
172,544,Junior Engineer,2023,,True
173,718,Senior PM,2016,2020,False
174,30,Lead Engineer,2009,,True
175,105,Director Consultant,2014,2017,False
175,637,Intern PM,2017,,True
176,523,Manager Consultant,2008,,True
177,820,Mid Analyst,2019,,True
179,949,Junior Engineer,2024,,True
180,510,Manager Engineer,2022,,True
181,792,Manager Analyst,2008,,True
182,636,Mid Analyst,2019,2024,False
184,981,Senior Consultant,2016,2017,False
185,285,Lead Engineer,2010,2014,False
186,51,Mid Analyst,2014,,True
187,746,Senior Consultant,2006,,True
188,464,Mid Designer,2013,,True
189,148,Senior Engineer,2019,,True
190,71,Lead PM,2014,,True
191,651,Lead Consultant,2005,,True
192,631,Junior PM,2024,,True
193,471,Director Analyst,2020,,True
194,692,Junior Analyst,2010,,True
195,525,Director Engineer,2005,,True
196,130,Intern Consultant,2014,,True
197,408,Mid PM,2008,2011,False
197,615,Senior Consultant,2009,,True
198,511,Director Designer,2023,,True
199,378,Intern Analyst,2019,,True
200,636,Manager PM,2015,,True
201,228,Mid PM,2007,2011,False
202,287,Director Analyst,2005,,True
203,903,Lead Engineer,2024,,True
205,615,Intern Consultant,2009,2013,False
205,143,Senior PM,2011,,True
206,247,Junior Designer,2023,2025,False
207,855,Senior Analyst,2005,,True
208,995,Intern Analyst,2011,2012,False
209,799,Intern Analyst,2016,,True
210,688,Intern Engineer,2023,2025,False
211,634,Senior PM,2012,,True
212,3,Manager Engineer,2006,2011,False
213,441,Senior Analyst,2008,,True
214,736,Manager Designer,2013,2019,False
215,994,Mid Engineer,2024,2026,False
216,147,Intern Consultant,2012,2014,False
217,240,Senior Designer,2007,2008,False
218,386,Senior Consultant,2014,,True
220,968,Junior PM,2016,,True
221,998,Senior Designer,2020,,True
223,664,Intern Analyst,2018,2020,False
224,842,Mid Designer,2025,,True
225,817,Intern Analyst,2024,,True
227,642,Manager Designer,2022,,True
228,490,Senior Analyst,2025,,True
229,204,Intern PM,2020,2022,False
231,652,Manager Consultant,2021,,True
232,510,Intern Consultant,2007,2010,False
233,42,Manager Analyst,2005,,True
234,252,Director PM,2023,,True
235,75,Junior Consultant,2011,,True
236,642,Director Designer,2021,2023,False
237,491,Manager Consultant,2022,,True
238,207,Senior Consultant,2020,,True
239,942,Intern Engineer,2009,2012,False
239,537,Manager Engineer,2013,,True
240,439,Mid Analyst,2017,,True
241,898,Intern Analyst,2016,2018,False
241,226,Mid Consultant,2019,,True
242,932,Director Consultant,2020,2023,False
242,255,Director Designer,2024,,True
243,452,Mid PM,2021,,True
244,834,Mid Consultant,2023,,True
245,641,Mid Engineer,2009,2011,False
246,429,Lead Consultant,2017,2019,False
246,335,Director Engineer,2021,,True
247,897,Manager Designer,2018,2020,False
248,720,Lead Designer,2005,,True
249,276,Intern Analyst,2009,,True
250,802,Intern Analyst,2016,,True
251,506,Lead Engineer,2019,,True
252,741,Director Analyst,2019,2020,False
252,581,Director PM,2022,2026,False
254,666,Lead Analyst,2024,,True
255,697,Director Analyst,2009,,True
256,902,Manager Engineer,2009,,True
258,785,Intern Designer,2019,,True
259,688,Director PM,2009,,True
261,905,Intern Engineer,2009,2014,False
261,813,Mid Analyst,2013,,True
262,891,Junior Analyst,2022,,True
263,692,Senior Engineer,2023,2026,False
264,511,Intern Analyst,2025,,True
265,656,Lead Consultant,2013,2018,False
265,694,Junior Engineer,2016,,True
266,733,Intern Analyst,2006,,True
267,782,Lead Analyst,2007,,True
268,993,Intern Engineer,2005,,True
269,487,Director PM,2016,2017,False
270,537,Lead Engineer,2021,,True
271,63,Intern Consultant,2014,,True
272,395,Mid Engineer,2021,,True
273,650,Intern Consultant,2025,,True
274,328,Lead Engineer,2016,,True
275,13,Senior PM,2008,,True
276,113,Director Designer,2020,,True
279,673,Senior PM,2008,,True
280,447,Intern Consultant,2007,,True
281,530,Intern PM,2008,2012,False
281,433,Senior Consultant,2010,2012,False
282,68,Director Engineer,2020,,True
283,550,Mid Analyst,2011,,True
284,69,Mid Designer,2023,,True
285,559,Junior Consultant,2016,,True
286,608,Junior Consultant,2021,,True
287,146,Senior Designer,2008,2009,False
289,275,Senior PM,2018,2020,False
292,162,Junior Designer,2019,,True
293,831,Junior Consultant,2025,,True
294,831,Junior Consultant,2006,2009,False
295,437,Intern PM,2012,2014,False
295,110,Intern PM,2016,,True
296,863,Senior Analyst,2025,2026,False
296,9,Director Designer,2029,,True
297,973,Intern PM,2008,2010,False
297,774,Mid Analyst,2012,2017,False
298,204,Intern Engineer,2024,2025,False
298,2,Junior Engineer,2025,,True
299,286,Junior Consultant,2009,,True
300,695,Mid Designer,2006,,True
302,803,Intern PM,2018,,True
303,727,Senior Consultant,2024,,True
304,417,Intern PM,2014,2016,False
305,798,Intern Engineer,2013,,True
306,844,Junior Designer,2014,,True
307,640,Manager Analyst,2011,,True
308,779,Junior PM,2013,,True
310,250,Intern Engineer,2018,,True
311,601,Intern Consultant,2008,2014,False
313,849,Senior Engineer,2009,2010,False
314,358,Lead Analyst,2022,,True
315,613,Director Analyst,2022,2025,False
315,467,Mid PM,2024,,True
316,92,Junior Engineer,2024,2026,False
317,94,Senior Analyst,2013,2017,False
318,696,Director Analyst,2012,2014,False
318,852,Intern Designer,2014,2018,False
319,150,Junior Consultant,2021,2024,False
320,911,Junior Designer,2023,,True
322,753,Intern PM,2009,2010,False
324,328,Lead Engineer,2007,,True
325,147,Intern Designer,2020,2021,False
326,713,Junior Consultant,2011,2017,False
326,743,Junior Designer,2013,,True
329,539,Lead Analyst,2024,2026,False
330,745,Director Consultant,2005,,True
331,972,Mid Consultant,2012,,True
332,966,Director Analyst,2024,2026,False
333,946,Manager Analyst,2013,,True
334,249,Senior Analyst,2018,2019,False
335,141,Senior PM,2025,,True
336,886,Mid Designer,2023,2026,False
336,780,Director Engineer,2026,2026,False
339,970,Manager Analyst,2011,2015,False
340,208,Senior PM,2024,,True
342,765,Manager Designer,2009,2013,False
342,316,Senior Consultant,2010,2011,False
343,498,Senior Engineer,2018,,True
344,920,Manager PM,2009,,True
345,443,Manager Consultant,2021,2022,False
345,558,Manager Designer,2023,,True
346,177,Junior Designer,2010,2014,False
346,607,Senior PM,2011,2017,False
347,459,Senior Engineer,2025,,True
348,564,Lead PM,2025,,True
349,598,Director Consultant,2012,,True
350,638,Senior Designer,2020,,True
351,618,Senior Consultant,2020,2022,False
352,379,Intern Consultant,2022,2023,False
352,983,Manager Consultant,2023,,True
353,970,Mid Designer,2017,2018,False
354,143,Director Designer,2016,2017,False
354,605,Lead PM,2020,,True
355,862,Lead Designer,2014,,True
356,370,Intern PM,2006,2009,False
356,793,Mid PM,2008,2012,False
357,911,Mid Designer,2020,2022,False
358,793,Lead Analyst,2009,,True
359,899,Mid Engineer,2009,2014,False
360,641,Senior Consultant,2006,2007,False
361,659,Mid Analyst,2024,,True
362,194,Lead Analyst,2018,2023,False
364,14,Manager Analyst,2020,2022,False
364,802,Director Consultant,2022,,True
365,434,Mid PM,2009,,True
366,968,Mid Engineer,2025,,True
367,707,Director Consultant,2025,2026,False
367,95,Manager PM,2028,,True
368,931,Mid Engineer,2020,2024,False
369,371,Mid Consultant,2025,,True
370,742,Mid Designer,2007,2012,False
371,429,Director PM,2016,2022,False
372,519,Lead Analyst,2014,2020,False
372,204,Lead Designer,2016,,True
373,222,Senior Consultant,2018,,True
374,882,Senior Consultant,2019,,True
375,923,Junior Analyst,2014,2019,False
375,624,Lead Analyst,2017,,True
376,999,Lead Consultant,2018,,True
378,62,Manager Engineer,2016,2019,False
379,170,Intern Designer,2005,,True
380,777,Director Analyst,2024,2026,False
381,937,Junior PM,2020,,True
382,945,Manager Engineer,2016,2017,False
384,360,Mid Engineer,2008,2014,False
385,308,Intern Analyst,2015,,True
386,233,Junior Designer,2007,2013,False
387,239,Director Designer,2012,,True
389,245,Lead Engineer,2016,,True
390,190,Director Consultant,2019,2023,False
391,390,Director Consultant,2010,2011,False
392,508,Lead Analyst,2012,,True
393,978,Mid Designer,2007,2013,False
395,81,Manager Consultant,2020,,True
396,701,Manager Designer,2012,,True
397,191,Director Engineer,2022,,True
398,453,Senior Engineer,2013,,True
399,851,Mid Designer,2020,,True
400,104,Director Designer,2010,2013,False
401,524,Senior Designer,2025,,True
402,956,Senior PM,2006,,True
403,442,Intern Analyst,2012,,True
404,506,Mid Consultant,2006,2009,False
405,842,Lead Analyst,2023,2026,False
406,452,Manager Engineer,2012,,True
407,235,Lead PM,2021,,True
408,871,Manager Consultant,2007,,True
409,623,Senior Consultant,2012,,True
410,149,Director Analyst,2010,2012,False
410,567,Mid Analyst,2014,,True
411,453,Senior Analyst,2017,,True
412,300,Intern Consultant,2023,,True
413,534,Manager Consultant,2011,2015,False
413,872,Lead Consultant,2013,,True
414,703,Manager PM,2010,2014,False
414,669,Intern Engineer,2013,,True
415,700,Intern Designer,2023,,True
416,983,Senior Analyst,2007,2012,False
416,348,Intern Designer,2009,2014,False
418,501,Director PM,2012,,True
420,581,Director Consultant,2007,,True
421,446,Intern Engineer,2020,,True
422,699,Senior Engineer,2019,2022,False
423,610,Director Engineer,2024,,True
425,11,Intern Analyst,2010,2015,False
426,507,Lead Engineer,2022,2025,False
427,902,Junior PM,2006,2010,False
428,407,Junior Engineer,2006,,True
429,737,Mid Designer,2011,2014,False
430,71,Manager Analyst,2022,,True
431,99,Intern Analyst,2006,,True
432,50,Intern Analyst,2015,,True
433,103,Mid Analyst,2022,,True
435,174,Director Analyst,2016,,True
436,758,Manager Engineer,2011,2012,False
437,653,Junior Designer,2018,,True
438,693,Manager Designer,2007,2011,False
439,478,Lead Consultant,2021,,True
440,48,Intern Consultant,2006,,True
441,735,Director Engineer,2008,,True
442,445,Mid PM,2012,,True
443,688,Director PM,2022,,True
444,470,Lead Consultant,2005,,True
445,599,Lead Consultant,2007,2010,False
445,772,Mid Consultant,2011,2015,False
446,405,Mid Designer,2016,2018,False
447,511,Junior Designer,2007,2013,False
448,705,Lead Designer,2021,,True
449,363,Intern Analyst,2017,,True
450,452,Intern Consultant,2012,2016,False
450,557,Junior Designer,2013,,True
451,873,Senior Consultant,2021,,True
452,223,Manager Consultant,2025,,True
453,807,Senior Analyst,2017,,True
454,224,Mid Engineer,2005,,True
455,100,Junior Engineer,2014,,True
456,233,Lead Designer,2008,,True
457,426,Intern Consultant,2020,2023,False
457,269,Senior PM,2024,2026,False
458,950,Senior PM,2011,2012,False
458,23,Intern Consultant,2013,,True
459,943,Junior Designer,2025,2026,False
460,591,Manager Analyst,2010,2016,False
461,958,Senior Consultant,2006,,True
464,84,Senior Analyst,2022,2024,False
465,128,Junior Engineer,2021,2022,False
466,598,Manager Engineer,2017,,True
467,539,Manager PM,2024,2026,False
468,596,Lead PM,2019,2022,False
468,630,Junior Analyst,2020,,True
469,286,Director Designer,2022,,True
470,756,Lead PM,2008,,True
471,505,Manager Consultant,2011,,True
473,97,Lead Designer,2010,,True
474,183,Intern Designer,2018,2022,False
475,936,Lead Engineer,2022,2024,False
476,707,Manager PM,2023,,True
477,971,Manager Engineer,2010,,True
478,14,Intern Designer,2020,,True
479,700,Intern Designer,2010,2012,False
480,124,Intern Designer,2012,,True
481,773,Mid PM,2006,,True
482,168,Mid Consultant,2024,2026,False
483,350,Director Analyst,2018,,True
484,286,Lead Analyst,2011,,True
485,914,Intern Designer,2015,,True
486,718,Mid PM,2010,2016,False
487,925,Director Designer,2013,,True
488,109,Manager Analyst,2010,2011,False
488,839,Intern PM,2014,,True
489,268,Mid Engineer,2016,2021,False
490,240,Mid Designer,2008,,True
491,9,Lead Designer,2020,2021,False
492,439,Mid PM,2014,,True
493,937,Lead PM,2006,2007,False
494,652,Mid Engineer,2011,,True
495,69,Junior PM,2011,,True
496,464,Manager Analyst,2020,2024,False
496,30,Manager Analyst,2023,,True
497,185,Junior Analyst,2014,2017,False
499,811,Director Engineer,2012,2014,False
500,241,Mid Consultant,2018,,True
501,103,Mid Consultant,2014,2017,False
501,665,Director PM,2017,,True
502,685,Junior Consultant,2005,,True
504,422,Manager Engineer,2016,2022,False
505,674,Mid Designer,2007,,True
506,590,Intern Consultant,2014,,True
507,553,Manager Engineer,2024,,True
509,138,Director Consultant,2014,2020,False
510,521,Senior Engineer,2010,,True
511,326,Mid PM,2017,,True
512,608,Intern Analyst,2010,,True
513,391,Lead Designer,2018,,True
514,240,Lead Designer,2012,2015,False
516,555,Lead Engineer,2011,,True
517,670,Director Analyst,2025,,True
518,690,Lead Analyst,2010,,True
519,826,Manager PM,2014,,True
520,484,Intern PM,2016,,True
521,261,Lead Designer,2006,2009,False
521,750,Junior Consultant,2008,2013,False
522,967,Junior PM,2024,,True
524,841,Lead Consultant,2005,2011,False
525,536,Mid PM,2024,2026,False
525,827,Director Engineer,2026,2026,False
526,620,Mid Consultant,2018,,True
527,860,Senior Consultant,2020,,True
528,822,Lead Analyst,2022,,True
529,818,Mid Consultant,2023,2026,False
530,218,Mid PM,2013,2019,False
530,957,Senior PM,2017,,True
531,552,Lead Consultant,2024,,True
532,110,Manager Engineer,2019,2020,False
534,930,Intern Engineer,2007,2010,False
535,974,Intern Consultant,2019,,True
536,429,Manager Consultant,2018,2021,False
538,21,Senior Designer,2008,,True
539,741,Junior Consultant,2010,,True
540,656,Lead PM,2018,,True
541,949,Director Engineer,2015,2019,False
541,285,Senior PM,2017,,True
542,47,Director Consultant,2009,2013,False
544,922,Director Designer,2015,,True
545,865,Intern Analyst,2015,2021,False
545,134,Senior Designer,2017,,True
546,309,Manager Designer,2007,2012,False
546,527,Manager Consultant,2009,2013,False
547,890,Junior Consultant,2017,2019,False
547,54,Intern Engineer,2018,,True
548,145,Lead Designer,2022,2023,False
548,450,Director PM,2024,,True
549,659,Director Consultant,2021,2025,False
550,537,Director Designer,2017,,True
551,425,Intern Analyst,2009,,True
552,697,Junior PM,2014,,True
553,613,Manager Analyst,2017,,True
554,691,Junior Analyst,2009,,True
555,91,Manager Engineer,2020,,True
556,908,Mid Consultant,2019,,True
557,439,Manager Designer,2010,,True
558,402,Lead Consultant,2019,2024,False
559,568,Senior Designer,2024,2026,False
559,937,Director Consultant,2027,2026,False
560,964,Director PM,2014,,True
561,869,Senior Designer,2011,,True
562,803,Senior Designer,2020,2025,False
562,246,Senior Consultant,2021,,True
563,24,Senior Designer,2020,2021,False
563,982,Mid PM,2024,,True
564,91,Mid Designer,2007,2009,False
567,48,Director Consultant,2023,,True
568,366,Junior Analyst,2021,2024,False
569,538,Manager Designer,2015,,True
570,185,Director Analyst,2011,,True
571,647,Director Engineer,2005,2009,False
571,700,Intern PM,2006,,True
573,599,Director Designer,2016,,True
574,784,Lead PM,2024,,True
575,89,Manager Consultant,2008,2014,False
575,561,Senior Consultant,2012,,True
577,436,Lead Designer,2007,2008,False
578,473,Senior Designer,2023,2025,False
579,17,Manager Analyst,2016,,True
580,615,Mid Engineer,2023,,True
581,719,Manager Analyst,2012,2014,False
582,191,Senior Consultant,2020,,True
583,493,Lead PM,2012,,True
584,69,Mid Engineer,2006,2007,False
584,260,Lead Designer,2010,,True
585,315,Director Analyst,2019,2024,False
586,260,Manager PM,2019,,True
587,307,Director Analyst,2014,,True
588,269,Intern Engineer,2014,2016,False
589,493,Junior Consultant,2025,2026,False
590,773,Senior Consultant,2018,,True
591,209,Junior Consultant,2007,2013,False
592,145,Lead Consultant,2016,,True
593,994,Lead Engineer,2015,2017,False
593,429,Lead PM,2018,2020,False
594,501,Lead Consultant,2022,2026,False
596,723,Junior PM,2007,,True
597,532,Senior Designer,2008,2010,False
598,211,Lead Analyst,2008,2013,False
600,201,Intern Consultant,2022,,True
601,721,Director Analyst,2024,,True
602,623,Lead Designer,2016,,True
603,754,Junior Engineer,2008,,True
604,198,Intern Engineer,2014,2018,False
607,201,Intern Consultant,2006,,True
608,828,Mid Engineer,2014,,True
609,688,Intern PM,2008,,True
610,311,Mid Designer,2015,2021,False
611,768,Mid Consultant,2014,2020,False
612,612,Junior Designer,2008,2011,False
612,606,Junior Engineer,2012,,True
613,958,Manager Engineer,2024,,True
614,940,Manager Designer,2017,2018,False
614,712,Intern PM,2019,,True
615,138,Senior PM,2008,,True
616,948,Junior Engineer,2009,,True
617,412,Director Designer,2025,2026,False
617,175,Intern PM,2027,2026,False
618,819,Manager Engineer,2007,,True
619,143,Manager Consultant,2025,,True
620,565,Senior Engineer,2025,,True
621,48,Manager Designer,2025,2026,False
622,753,Mid Analyst,2009,,True
623,359,Mid Consultant,2007,2008,False
624,525,Intern Analyst,2025,,True
625,45,Lead Engineer,2014,,True
626,429,Director Consultant,2016,,True
627,824,Manager PM,2017,,True
628,24,Director Engineer,2013,,True
629,705,Junior Engineer,2013,,True
630,862,Senior Analyst,2016,2021,False
631,521,Senior Designer,2021,,True
632,934,Lead Analyst,2024,,True
633,982,Senior Analyst,2006,2007,False
634,101,Lead Designer,2011,2014,False
634,819,Senior PM,2014,2018,False
635,82,Lead Engineer,2023,2026,False
635,772,Intern Analyst,2026,,True
636,748,Director PM,2013,2015,False
637,974,Mid Consultant,2023,2026,False
638,266,Director PM,2019,,True
639,452,Lead Analyst,2009,,True
640,419,Manager Engineer,2011,2017,False
640,486,Junior Analyst,2015,,True
642,523,Senior PM,2021,,True
643,677,Lead Analyst,2009,2015,False
644,191,Lead Analyst,2010,,True
645,158,Mid Analyst,2012,,True
646,527,Lead Consultant,2018,2022,False
646,352,Senior Designer,2019,2023,False
647,821,Junior Designer,2022,2025,False
648,851,Senior Consultant,2023,,True
649,652,Intern Designer,2011,,True
650,727,Lead Analyst,2015,,True
651,469,Intern Engineer,2013,2017,False
652,951,Senior Designer,2010,,True
653,668,Director PM,2008,,True
654,230,Lead Designer,2013,,True
656,447,Intern PM,2014,,True
657,438,Manager Engineer,2012,2014,False
658,517,Intern Engineer,2010,,True
659,88,Lead Designer,2015,,True
660,149,Mid PM,2021,2024,False
660,130,Director PM,2023,,True
661,567,Lead PM,2006,,True
662,51,Director PM,2007,,True
664,308,Intern Engineer,2022,,True
665,248,Director PM,2016,,True
666,498,Mid Consultant,2016,2020,False
666,107,Intern Consultant,2018,2020,False
667,42,Senior Consultant,2018,2024,False
667,630,Manager Analyst,2022,,True
669,405,Lead PM,2014,,True
670,157,Director Consultant,2021,,True
671,948,Director PM,2009,2010,False
672,88,Mid Analyst,2016,,True
673,465,Director Consultant,2015,,True
674,396,Mid Analyst,2018,2022,False
674,187,Senior PM,2021,,True
675,3,Lead PM,2019,,True
676,85,Manager PM,2023,2026,False
678,71,Lead Consultant,2009,,True
679,619,Mid Analyst,2010,,True
680,635,Lead Analyst,2010,2016,False
680,555,Lead Designer,2013,,True
681,359,Director Consultant,2017,,True
683,628,Manager Analyst,2013,,True
684,443,Manager Designer,2020,2023,False
684,550,Director Designer,2022,,True
685,850,Mid PM,2023,,True
686,973,Mid Engineer,2012,,True
687,475,Intern Engineer,2019,,True
688,342,Mid Designer,2025,,True
689,630,Junior Engineer,2013,2018,False
690,178,Mid Designer,2016,,True
691,229,Mid Designer,2015,,True
692,337,Mid Designer,2025,2026,False
693,244,Lead Consultant,2009,,True
694,855,Director Consultant,2023,2026,False
695,500,Lead Engineer,2016,,True
697,269,Manager Engineer,2025,,True
698,219,Director Consultant,2025,,True
699,477,Mid Designer,2008,2014,False
701,501,Mid Engineer,2012,2015,False
702,43,Manager Analyst,2021,,True
703,785,Intern Engineer,2017,,True
704,845,Intern Engineer,2017,,True
705,695,Manager Engineer,2005,,True
706,963,Senior PM,2017,2018,False
707,443,Junior PM,2024,,True
708,408,Intern Consultant,2009,2014,False
709,946,Senior Designer,2023,2025,False
710,203,Senior Analyst,2018,2021,False
711,609,Intern Designer,2018,,True
712,547,Junior Consultant,2022,,True
713,354,Director Analyst,2008,,True
714,49,Senior Consultant,2024,,True
715,999,Junior Designer,2024,2026,False
716,730,Senior Designer,2023,2026,False
717,23,Manager Engineer,2011,,True
718,234,Director Designer,2016,2018,False
719,26,Junior Consultant,2021,2025,False
720,747,Director PM,2020,2021,False
721,519,Senior Designer,2021,,True
722,689,Junior Analyst,2009,,True
723,171,Director Analyst,2015,,True
724,600,Lead PM,2025,2026,False
724,501,Director PM,2028,,True
725,777,Mid Consultant,2019,2022,False
725,327,Manager Analyst,2021,,True
726,325,Mid Engineer,2013,2014,False
727,705,Manager Consultant,2022,,True
728,461,Lead Engineer,2011,,True
730,659,Intern PM,2022,,True
731,740,Lead Consultant,2018,2021,False
732,962,Senior Analyst,2013,2014,False
732,83,Intern Consultant,2015,,True
733,274,Intern Engineer,2006,,True
734,213,Intern Analyst,2017,2021,False
735,405,Senior Designer,2014,2020,False
735,943,Lead Engineer,2018,2024,False
736,112,Junior Designer,2022,,True
737,383,Senior Designer,2005,2006,False
738,190,Senior Analyst,2008,,True
739,866,Senior PM,2021,2024,False
740,400,Junior Engineer,2023,2025,False
741,305,Mid Designer,2025,2026,False
742,112,Lead Engineer,2023,,True
743,928,Lead Engineer,2012,,True
744,583,Lead Designer,2006,,True
745,345,Manager PM,2008,2009,False
746,71,Lead PM,2016,,True
747,558,Lead Designer,2009,,True
748,180,Mid Analyst,2008,2010,False
749,408,Director Consultant,2009,,True
750,144,Intern Designer,2010,2016,False
751,376,Lead Engineer,2013,2015,False
752,377,Junior PM,2022,,True
753,637,Intern Engineer,2025,,True
754,907,Director Engineer,2015,,True
755,260,Lead Analyst,2017,,True
757,312,Director Engineer,2006,2008,False
758,586,Mid PM,2015,2020,False
760,777,Senior Engineer,2024,,True
762,197,Mid Designer,2006,,True
763,311,Mid Designer,2009,2012,False
763,76,Intern Designer,2012,2014,False
764,647,Lead Consultant,2022,,True
765,573,Intern PM,2013,,True
766,887,Director Engineer,2018,,True
767,318,Manager PM,2015,2021,False
768,239,Manager Designer,2007,,True
769,182,Lead Designer,2013,,True
770,512,Director Consultant,2013,2014,False
770,918,Mid PM,2016,2017,False
771,718,Manager Analyst,2019,2020,False
772,397,Director Consultant,2015,2019,False
772,21,Intern Designer,2018,2024,False
773,823,Director Engineer,2018,2019,False
773,489,Intern Designer,2022,,True
774,461,Mid Consultant,2016,,True
775,525,Director Designer,2023,,True
776,591,Mid PM,2011,,True
777,697,Lead Engineer,2011,2017,False
777,26,Senior PM,2014,2018,False
779,605,Junior Designer,2024,,True
780,954,Director PM,2018,,True
781,883,Senior Designer,2019,2022,False
782,776,Junior PM,2025,,True
783,509,Lead Analyst,2019,,True
784,88,Senior Analyst,2006,,True
785,612,Junior Analyst,2018,,True
786,923,Junior Consultant,2025,,True
787,701,Intern Analyst,2012,2017,False
788,259,Intern Designer,2017,2021,False
788,287,Lead Consultant,2019,2020,False
789,353,Junior Analyst,2025,,True
790,402,Director Analyst,2015,,True
791,352,Senior Engineer,2012,,True
792,272,Director PM,2021,2024,False
792,260,Lead Designer,2024,,True
793,985,Manager PM,2023,,True
794,359,Junior PM,2014,,True
795,455,Director Consultant,2018,,True
796,31,Lead Designer,2020,2024,False
799,173,Intern Designer,2012,2013,False
799,126,Lead Consultant,2016,,True
800,975,Manager Analyst,2023,2026,False
800,607,Lead Designer,2025,2026,False
801,817,Mid Analyst,2007,2010,False
802,178,Director Engineer,2023,2026,False
803,308,Senior Engineer,2008,,True
804,555,Lead Engineer,2022,,True
806,184,Senior Consultant,2021,2022,False
807,22,Manager Analyst,2009,,True
808,501,Mid Consultant,2016,,True
809,543,Lead Analyst,2020,,True
810,276,Junior Designer,2018,2024,False
810,416,Manager Engineer,2019,,True
811,698,Senior Consultant,2023,,True
812,236,Intern Designer,2017,,True
813,955,Junior Engineer,2011,2015,False
814,244,Junior Designer,2022,,True
816,344,Junior Analyst,2024,2026,False
816,457,Senior Engineer,2027,2026,False
817,513,Lead Designer,2008,,True
818,740,Lead Designer,2008,2012,False
819,29,Junior Consultant,2024,2026,False
821,742,Junior Analyst,2016,2018,False
822,461,Director Consultant,2005,2009,False
822,862,Lead Consultant,2007,2008,False
823,988,Mid Consultant,2025,,True
824,217,Manager Designer,2024,,True
825,997,Director Designer,2005,,True
826,880,Director Consultant,2008,,True
827,479,Lead Designer,2012,,True
828,616,Lead PM,2007,2008,False
829,669,Director Designer,2023,,True
830,662,Manager Designer,2018,,True
831,265,Manager Consultant,2011,2017,False
831,305,Mid Consultant,2015,2019,False
832,998,Mid Designer,2017,,True
833,771,Junior PM,2014,2016,False
833,729,Lead PM,2015,,True
834,547,Intern Consultant,2025,,True
835,885,Intern Engineer,2018,2021,False
837,363,Junior Designer,2020,,True
838,172,Senior Analyst,2017,,True
839,158,Junior Designer,2006,,True
840,87,Director Engineer,2013,2016,False
841,248,Manager Engineer,2008,,True
842,406,Intern Consultant,2014,,True
843,993,Intern Engineer,2005,,True
844,817,Mid PM,2011,2015,False
844,229,Director Consultant,2013,,True
845,653,Director Consultant,2012,2016,False
846,493,Director Engineer,2020,2022,False
846,807,Director PM,2021,,True
847,788,Manager Consultant,2010,2012,False
848,11,Manager Analyst,2006,2011,False
850,652,Senior Consultant,2006,,True
852,150,Lead Designer,2019,2025,False
853,267,Manager Consultant,2006,2008,False
854,635,Lead Analyst,2020,2024,False
855,373,Lead Analyst,2013,,True
856,701,Lead Engineer,2017,2020,False
856,589,Director Analyst,2019,2022,False
857,481,Manager Analyst,2022,,True
858,848,Intern Analyst,2021,,True
859,239,Junior Analyst,2015,2017,False
859,284,Junior Designer,2018,,True
860,157,Director Designer,2014,,True
861,552,Junior Designer,2016,,True
862,356,Mid Engineer,2006,,True
863,842,Mid Engineer,2009,,True
864,375,Mid PM,2016,,True
865,979,Manager Engineer,2013,,True
866,664,Mid Designer,2014,,True
868,833,Director Engineer,2016,,True
869,821,Senior PM,2006,2007,False
870,843,Intern Consultant,2016,2022,False
871,985,Director Engineer,2013,,True
872,510,Mid Designer,2015,,True
873,237,Lead Analyst,2010,,True
874,861,Intern Designer,2018,,True
875,894,Manager Consultant,2022,,True
876,10,Senior Designer,2005,,True
879,395,Director Consultant,2021,2025,False
880,80,Junior Analyst,2014,,True
881,518,Intern Engineer,2023,2024,False
881,44,Mid Designer,2024,,True
882,615,Senior PM,2009,2014,False
883,288,Manager Engineer,2017,,True
884,117,Lead Designer,2018,,True
885,702,Senior PM,2016,,True
886,677,Senior Consultant,2023,2026,False
887,390,Junior PM,2020,,True
888,160,Junior Engineer,2020,2026,False
889,298,Manager Analyst,2009,2011,False
889,459,Mid Designer,2012,,True
890,229,Lead Analyst,2005,,True
891,976,Director PM,2021,,True
892,355,Lead PM,2014,,True
893,82,Senior Designer,2013,2014,False
894,389,Manager Designer,2021,2024,False
894,540,Intern PM,2024,,True
895,87,Mid Designer,2014,2017,False
895,436,Manager PM,2017,,True
896,311,Director Engineer,2012,2018,False
897,603,Intern Engineer,2009,,True
898,985,Senior Consultant,2016,,True
899,721,Senior Analyst,2020,2022,False
901,493,Lead Analyst,2008,,True
902,561,Manager Analyst,2020,,True
903,681,Junior Consultant,2006,,True
904,674,Mid Consultant,2006,2012,False
905,682,Lead PM,2023,2026,False
906,470,Lead PM,2012,,True
907,100,Junior Engineer,2017,,True
908,226,Intern Engineer,2006,,True
909,162,Mid PM,2024,,True
910,998,Intern Designer,2013,,True
911,424,Junior PM,2017,2023,False
911,773,Junior Consultant,2018,2023,False
912,161,Mid Analyst,2009,,True
913,58,Junior Analyst,2005,,True
914,919,Intern Consultant,2014,2018,False
915,869,Junior Consultant,2008,2011,False
916,755,Director Consultant,2006,2012,False
917,883,Intern Consultant,2021,,True
918,45,Director Engineer,2022,,True
919,500,Lead Consultant,2021,,True
920,35,Lead Designer,2023,,True
922,627,Director PM,2015,,True
923,16,Junior Consultant,2009,,True
924,857,Junior Engineer,2017,,True
925,79,Mid Engineer,2014,,True
926,893,Lead Engineer,2008,,True
927,647,Director Engineer,2023,,True
928,255,Senior Engineer,2023,,True
930,807,Lead Engineer,2021,2026,False
930,95,Director PM,2023,2026,False
931,388,Junior Consultant,2024,,True
932,686,Mid Engineer,2011,,True
933,288,Junior Engineer,2007,,True
934,876,Intern Consultant,2025,2026,False
934,576,Intern Analyst,2027,,True
935,456,Manager Engineer,2023,,True
936,515,Senior Engineer,2016,,True
937,925,Senior Engineer,2017,2022,False
938,218,Intern Analyst,2007,,True
939,363,Mid Consultant,2017,,True
940,157,Manager Designer,2015,2016,False
940,469,Senior Consultant,2016,,True
941,960,Mid Consultant,2019,,True
942,236,Lead Engineer,2012,,True
943,630,Intern Analyst,2014,,True
946,829,Mid Analyst,2019,2025,False
947,357,Senior Analyst,2020,2021,False
949,660,Mid Designer,2015,,True
950,406,Senior Consultant,2006,,True
951,298,Senior Designer,2021,2025,False
952,652,Director PM,2023,2026,False
953,479,Manager Analyst,2005,,True
955,467,Intern Engineer,2019,2023,False
955,818,Director Analyst,2023,,True
956,318,Junior Analyst,2024,,True
957,114,Senior Engineer,2007,,True
958,285,Junior Engineer,2005,2008,False
958,631,Mid Engineer,2008,,True
959,434,Mid Analyst,2019,,True
960,532,Manager PM,2014,2017,False
961,166,Lead Engineer,2012,2013,False
962,745,Mid Analyst,2012,,True
963,712,Lead Analyst,2023,2026,False
964,220,Manager Engineer,2017,2023,False
964,737,Director Designer,2019,,True
965,222,Director Consultant,2023,2026,False
965,985,Junior Consultant,2027,2026,False
966,941,Director PM,2011,2015,False
967,994,Director PM,2012,2016,False
967,678,Manager Designer,2016,2017,False
968,81,Mid PM,2012,,True
969,494,Senior Designer,2024,2026,False
969,940,Intern Consultant,2027,2026,False
970,894,Director Consultant,2012,2014,False
971,735,Senior Analyst,2008,,True
972,831,Lead PM,2023,,True
973,403,Senior Analyst,2014,,True
974,304,Manager Consultant,2025,,True
976,244,Manager Analyst,2013,2014,False
977,405,Manager PM,2017,,True
978,619,Intern Consultant,2025,2026,False
979,55,Intern Engineer,2005,2011,False
981,426,Director PM,2007,,True
982,807,Director PM,2013,,True
983,876,Intern PM,2005,2011,False
983,237,Director Analyst,2008,2012,False
984,640,Director PM,2006,,True
985,691,Intern Engineer,2011,2014,False
986,506,Manager Analyst,2019,,True
987,743,Lead Analyst,2007,2008,False
987,430,Director PM,2009,,True
989,539,Director Consultant,2017,,True
990,654,Manager Analyst,2025,,True
991,269,Manager Designer,2008,,True
992,325,Lead PM,2025,,True
993,445,Intern Analyst,2013,,True
994,683,Manager PM,2007,2009,False
995,144,Junior Designer,2022,2023,False
995,808,Junior Designer,2024,,True
996,620,Lead Consultant,2024,,True
997,929,Senior Consultant,2024,,True
998,286,Director Designer,2012,2013,False
999,906,Mid Analyst,2007,2008,False
999,119,Senior Consultant,2008,2014,False
1000,329,Senior Designer,2022,,True
1001,357,Manager Engineer,2024,2026,False
1002,544,Lead Engineer,2020,,True
1003,705,Intern Consultant,2009,,True
1004,120,Junior Designer,2018,2019,False
1005,195,Lead Consultant,2015,2016,False
1006,328,Manager PM,2016,,True
1007,739,Director PM,2019,2022,False
1008,874,Director Consultant,2015,2020,False
1008,593,Manager Analyst,2018,2022,False
1009,88,Intern Designer,2007,,True
1010,467,Manager PM,2011,2013,False
1010,13,Mid Designer,2015,,True
1011,165,Lead Consultant,2016,,True
1012,816,Lead Engineer,2005,,True
1013,33,Manager Analyst,2021,2026,False
1013,761,Mid PM,2023,2026,False
1014,931,Director Engineer,2010,,True
1015,535,Junior Engineer,2021,2025,False
1016,438,Director Consultant,2016,,True
1017,484,Intern Engineer,2009,,True
1018,142,Senior Consultant,2022,,True
1019,165,Lead Designer,2020,2024,False
1020,161,Manager Consultant,2024,,True
1023,34,Lead Consultant,2008,2014,False
1023,526,Junior Analyst,2012,,True
1024,49,Junior Designer,2005,,True
1025,247,Intern Analyst,2015,,True
1026,195,Manager Analyst,2013,,True
1027,339,Lead Engineer,2011,2016,False
1027,827,Junior PM,2012,2013,False
1028,727,Intern Designer,2012,2017,False
1028,406,Senior PM,2016,2022,False
1029,255,Director Engineer,2011,,True
1030,259,Intern Designer,2007,,True
1031,595,Intern Engineer,2019,,True
1032,340,Intern Engineer,2022,2026,False
1034,595,Director Analyst,2018,2020,False
1035,122,Intern Consultant,2016,2021,False
1036,418,Manager Designer,2023,2026,False
1036,631,Manager Analyst,2024,,True
1037,726,Mid Analyst,2015,2017,False
1038,813,Intern Consultant,2022,,True
1039,652,Junior Consultant,2014,2015,False
1040,872,Senior Designer,2014,2017,False
1040,731,Manager Analyst,2017,,True
1041,90,Mid Analyst,2008,,True
1042,446,Senior Designer,2010,,True
1044,283,Intern Analyst,2023,2026,False
1044,545,Mid PM,2024,2026,False
1045,857,Senior Engineer,2022,,True
1046,915,Mid Consultant,2012,2018,False
1047,901,Intern Consultant,2010,2014,False
1048,456,Lead PM,2020,,True
1049,805,Lead PM,2019,,True
1050,777,Senior Designer,2015,,True
1051,333,Intern Designer,2008,2013,False
1051,786,Lead Consultant,2012,,True
1052,112,Manager Analyst,2016,,True
1053,207,Manager PM,2017,,True
1055,470,Manager Engineer,2018,2023,False
1056,910,Lead PM,2021,,True
1057,943,Mid Designer,2020,2021,False
1058,749,Lead Designer,2023,,True
1059,929,Manager Designer,2015,,True
1060,694,Manager PM,2020,,True
1061,752,Lead PM,2025,2026,False
1062,792,Director Analyst,2013,,True
1063,53,Intern Engineer,2023,,True
1064,292,Lead PM,2024,,True
1065,701,Manager Consultant,2025,,True
1066,987,Senior Designer,2006,2010,False
1067,656,Mid Analyst,2015,,True
1068,582,Manager Designer,2008,2011,False
1069,594,Lead Analyst,2025,2026,False
1070,582,Senior PM,2006,,True
1071,322,Lead Analyst,2019,,True
1072,817,Intern Designer,2022,2025,False
1073,224,Senior Analyst,2006,2010,False
1073,314,Manager Engineer,2010,,True
1074,97,Director Analyst,2025,2026,False
1074,902,Intern Engineer,2029,2026,False
1075,598,Junior Analyst,2010,2016,False
1076,290,Junior Analyst,2005,2010,False
1077,134,Mid Engineer,2022,,True
1079,700,Mid Analyst,2017,2021,False
1079,821,Junior Consultant,2020,,True
1080,462,Mid PM,2009,,True
1081,132,Mid Designer,2012,,True
1082,812,Mid Engineer,2024,2026,False
1083,353,Intern Analyst,2019,,True
1084,482,Intern Analyst,2013,,True
1085,956,Lead Consultant,2016,,True
1086,164,Lead PM,2008,2013,False
1088,694,Director Designer,2005,,True
1089,415,Junior Analyst,2008,2014,False
1090,728,Intern Consultant,2025,,True
1091,571,Junior Engineer,2016,,True
1092,831,Lead Consultant,2015,,True
1093,218,Senior Engineer,2015,2019,False
1093,723,Senior PM,2018,,True
1094,141,Senior Analyst,2020,,True
1095,421,Intern PM,2006,2012,False
1096,410,Senior Analyst,2023,2024,False
1097,703,Junior Engineer,2010,,True
1098,693,Intern Designer,2017,2021,False
1098,24,Manager Designer,2018,2019,False
1099,695,Intern Engineer,2010,2015,False
1099,111,Director Analyst,2013,,True
1100,469,Lead Designer,2018,,True
1101,746,Lead Analyst,2007,2009,False
1102,651,Manager PM,2007,2011,False
1103,625,Intern Engineer,2009,,True
1105,942,Intern Engineer,2018,,True
1106,669,Senior Consultant,2019,,True
1107,324,Lead PM,2014,,True
1108,549,Director Analyst,2019,,True
1109,155,Manager PM,2010,,True
1110,172,Lead Engineer,2023,2026,False
1110,432,Senior Designer,2026,2026,False
1111,759,Senior Designer,2013,2017,False
1112,842,Manager Designer,2005,,True
1113,643,Director Consultant,2013,,True
1114,464,Senior Consultant,2022,,True
1115,550,Intern Designer,2013,2019,False
1116,427,Senior Designer,2015,,True
1117,89,Lead PM,2024,2026,False
1117,146,Lead Consultant,2026,,True
1118,815,Junior PM,2024,,True
1119,73,Director Designer,2025,,True
1120,2,Junior Designer,2015,2020,False
1121,35,Manager Designer,2017,2019,False
1121,343,Intern Designer,2021,,True
1122,993,Director Consultant,2023,2025,False
1122,891,Senior PM,2025,,True
1123,780,Junior PM,2013,2015,False
1123,781,Mid Consultant,2014,,True
1124,87,Lead Engineer,2023,2024,False
1125,3,Senior Engineer,2008,,True
1126,106,Intern Designer,2010,2016,False
1126,376,Intern Engineer,2014,,True
1128,999,Lead Consultant,2022,2026,False
1129,156,Mid Designer,2025,2026,False
1130,69,Intern PM,2007,,True
1131,53,Senior PM,2008,,True
1132,13,Intern Analyst,2016,2019,False
1133,168,Junior PM,2025,,True
1135,907,Mid PM,2020,,True
1136,691,Manager Consultant,2025,2026,False
1137,888,Manager Consultant,2019,,True
1138,393,Director Consultant,2024,,True
1139,415,Intern Consultant,2014,,True
1140,964,Intern Analyst,2016,,True
1141,628,Director Designer,2012,2016,False
1141,786,Manager PM,2016,,True
1142,762,Director Engineer,2017,,True
1143,91,Mid PM,2019,,True
1144,631,Lead PM,2017,,True
1145,627,Lead Engineer,2006,,True
1146,176,Manager Engineer,2014,,True
1147,339,Lead PM,2005,,True
1148,383,Mid Analyst,2012,2017,False
1149,923,Intern Engineer,2008,2009,False
1150,257,Lead PM,2018,2023,False
1150,421,Junior Analyst,2019,,True
1151,591,Intern PM,2018,,True
1152,465,Manager Consultant,2011,,True
1153,152,Mid Analyst,2018,2023,False
1153,673,Senior Analyst,2019,,True
1154,304,Director PM,2010,2015,False
1154,560,Director Engineer,2012,,True
1155,824,Manager Consultant,2020,2024,False
1155,289,Mid Designer,2021,,True
1156,254,Intern Designer,2019,2023,False
1157,901,Mid Designer,2007,2011,False
1157,185,Junior Designer,2010,2011,False
1158,353,Lead Analyst,2009,,True
1159,860,Lead PM,2024,2026,False
1159,439,Lead PM,2028,,True
1160,286,Lead Consultant,2015,,True
1161,242,Intern PM,2005,2011,False
1161,285,Lead Analyst,2009,,True
1162,986,Senior Analyst,2024,,True
1163,66,Junior Consultant,2023,,True
1164,28,Junior Consultant,2008,,True
1165,249,Manager Consultant,2018,,True
1166,72,Lead Designer,2018,2024,False
1166,369,Junior Analyst,2019,,True
1168,259,Intern Consultant,2021,,True
1169,135,Senior Consultant,2009,,True
1171,181,Manager Designer,2025,2026,False
1171,828,Senior Analyst,2028,,True
1172,896,Senior Analyst,2016,,True
1173,79,Lead Engineer,2011,2013,False
1174,500,Director Engineer,2022,,True
1176,883,Mid PM,2021,,True
1177,444,Manager Consultant,2015,2016,False
1178,876,Manager PM,2022,,True
1179,961,Manager PM,2010,,True
1180,934,Director PM,2015,,True
1181,732,Lead Consultant,2024,2026,False
1182,710,Mid Designer,2022,2025,False
1182,861,Junior Engineer,2024,,True
1183,860,Director PM,2010,,True
1184,773,Junior Analyst,2010,,True
1185,968,Senior Consultant,2021,2025,False
1185,391,Director Designer,2025,,True
1186,555,Junior Designer,2015,2019,False
1187,30,Junior Engineer,2012,,True
1188,852,Senior Engineer,2013,,True
1189,550,Director Analyst,2012,2018,False
1190,891,Manager Consultant,2025,,True
1191,436,Junior Analyst,2010,,True
1192,786,Intern Consultant,2006,,True
1193,366,Senior Analyst,2023,,True
1194,226,Manager Analyst,2025,2026,False
1195,830,Intern Consultant,2019,,True
1197,346,Senior PM,2014,2018,False
1198,470,Mid Engineer,2006,2010,False
1198,665,Senior PM,2007,,True
1199,432,Director Consultant,2025,2026,False
1200,401,Senior PM,2015,,True
1201,286,Manager Designer,2013,2019,False
1201,528,Junior Analyst,2015,2017,False
1202,73,Mid PM,2010,,True
1203,941,Intern Engineer,2019,,True
1204,630,Mid PM,2013,,True
1205,33,Senior Engineer,2020,,True
1207,49,Lead PM,2012,2018,False
1207,231,Intern Analyst,2016,,True
1208,385,Junior Analyst,2022,2026,False
1208,148,Lead PM,2023,,True
1209,562,Intern PM,2007,2008,False
1209,794,Mid Analyst,2009,,True
1210,828,Mid Designer,2011,,True
1211,672,Senior Analyst,2019,,True
1212,949,Lead Designer,2016,2020,False
1212,391,Manager PM,2019,,True
1213,349,Lead PM,2015,2018,False
1213,582,Intern Consultant,2018,2020,False
1214,397,Lead Engineer,2009,,True
1215,374,Intern PM,2014,2017,False
1216,707,Manager Consultant,2009,2010,False
1216,321,Senior PM,2011,,True
1217,321,Director Engineer,2008,,True
1218,930,Senior Consultant,2016,,True
1219,824,Intern Analyst,2011,2015,False
1220,903,Senior Analyst,2013,2019,False
1221,145,Intern Analyst,2014,2016,False
1222,960,Director Analyst,2007,,True
1224,792,Junior Consultant,2018,2021,False
1226,923,Mid Analyst,2006,,True
1227,597,Intern Engineer,2023,,True
1228,259,Junior Analyst,2007,,True
1229,9,Lead PM,2007,,True
1230,310,Mid PM,2012,,True
1232,703,Senior Analyst,2024,,True
1233,90,Senior Analyst,2010,,True
1234,120,Intern Analyst,2009,2015,False
1235,86,Intern Engineer,2012,2015,False
1236,167,Lead PM,2024,2026,False
1237,729,Lead Designer,2007,,True
1238,162,Intern PM,2011,2016,False
1239,37,Intern Analyst,2009,2012,False
1239,526,Senior PM,2011,,True
1240,156,Director Designer,2012,,True
1242,729,Senior Engineer,2007,2013,False
1242,902,Junior PM,2008,2009,False
1243,813,Mid Engineer,2020,2021,False
1243,782,Intern Analyst,2022,,True
1245,819,Lead Consultant,2013,,True
1246,79,Senior Designer,2021,2022,False
1246,263,Director Designer,2025,,True
1247,158,Manager Designer,2016,,True
1249,214,Senior Engineer,2008,2012,False
1250,516,Intern Engineer,2007,2013,False
1250,746,Director Designer,2008,,True
1251,588,Senior Analyst,2024,,True
1252,473,Intern Consultant,2005,,True
1253,884,Senior PM,2017,2023,False
1253,858,Junior Analyst,2019,2023,False
1255,698,Lead Engineer,2015,2019,False
1256,68,Intern PM,2025,2026,False
1256,281,Junior Analyst,2027,,True
1257,32,Mid PM,2017,,True
1258,713,Manager PM,2022,2026,False
1259,480,Lead Engineer,2015,,True
1260,872,Lead Analyst,2015,2018,False
1261,365,Director Engineer,2015,2016,False
1262,978,Junior Consultant,2005,2007,False
1262,431,Senior Designer,2007,2013,False
1263,406,Director Analyst,2023,,True
1264,34,Manager Analyst,2013,,True
1265,532,Senior Designer,2014,2018,False
1266,967,Intern Designer,2013,,True
1267,134,Senior Analyst,2006,,True
1268,912,Lead Designer,2010,,True
1270,310,Lead Engineer,2005,2008,False
1271,82,Senior Analyst,2016,2019,False
1272,720,Intern Engineer,2017,2021,False
1273,315,Intern Analyst,2017,,True
1275,767,Director Consultant,2005,,True
1276,277,Mid Consultant,2017,2021,False
1277,253,Lead Consultant,2017,,True
1278,274,Junior Consultant,2005,2011,False
1279,347,Mid Designer,2023,,True
1281,95,Manager Analyst,2018,2022,False
1281,616,Director Analyst,2020,2024,False
1282,483,Manager Analyst,2013,2019,False
1283,456,Senior PM,2011,2016,False
1283,762,Mid Engineer,2014,2020,False
1284,809,Junior Consultant,2023,2026,False
1285,417,Intern PM,2016,,True
1286,823,Director Engineer,2013,,True
1287,644,Lead Consultant,2013,2017,False
1288,35,Manager Designer,2005,,True
1289,339,Mid Engineer,2023,2025,False
1289,730,Lead Consultant,2026,,True
1290,397,Lead Consultant,2018,,True
1291,760,Director Consultant,2020,,True
1292,173,Intern Engineer,2021,,True
1293,761,Manager Designer,2007,2010,False
1293,911,Mid Designer,2010,2013,False
1294,240,Manager Engineer,2015,2017,False
1295,844,Senior Consultant,2010,2011,False
1296,700,Intern Engineer,2006,,True
1297,990,Junior PM,2008,2014,False
1298,415,Manager Analyst,2007,,True
1299,797,Mid PM,2023,2024,False
1299,970,Manager Consultant,2025,2026,False
1300,869,Mid Consultant,2012,2017,False
1300,911,Junior Analyst,2016,,True
1301,830,Manager Consultant,2020,2024,False
1302,569,Manager Analyst,2008,,True
1303,334,Mid Designer,2017,,True
1304,350,Lead Analyst,2021,2025,False
1305,692,Director PM,2021,2022,False
1305,912,Manager Engineer,2025,2026,False
1306,427,Intern Consultant,2008,,True
1307,730,Intern Engineer,2025,,True
1308,469,Director Consultant,2016,2019,False
1309,502,Lead Consultant,2021,2023,False
1309,218,Senior Designer,2024,2026,False
1310,746,Senior Engineer,2020,,True
1311,909,Manager Analyst,2008,,True
1312,954,Junior Engineer,2008,2010,False
1313,416,Lead PM,2020,2024,False
1314,422,Junior PM,2005,,True
1315,864,Junior PM,2022,2026,False
1315,209,Intern Designer,2025,,True
1316,685,Junior Engineer,2021,,True
1317,763,Intern PM,2020,,True
1319,796,Lead PM,2006,2012,False
1320,770,Junior Analyst,2023,,True
1321,814,Lead PM,2006,,True
1322,609,Manager Designer,2009,2012,False
1323,886,Manager Analyst,2018,,True
1325,690,Director Consultant,2013,,True
1326,438,Senior Consultant,2020,,True
1327,523,Lead Engineer,2010,2013,False
1328,592,Intern Engineer,2016,,True
1329,136,Intern Analyst,2009,,True
1330,232,Junior Analyst,2006,2009,False
1331,976,Senior Analyst,2016,,True
1332,733,Senior Consultant,2006,2010,False
1333,89,Lead Consultant,2018,2020,False
1334,410,Mid Engineer,2020,,True
1335,205,Director PM,2020,,True
1336,367,Senior Designer,2011,,True
1337,445,Junior Consultant,2012,,True
1338,364,Junior PM,2017,,True
1339,806,Senior Analyst,2012,,True
1340,213,Intern Analyst,2008,2012,False
1341,751,Intern PM,2006,,True
1342,258,Junior Designer,2006,,True
1343,239,Manager Engineer,2011,2014,False
1344,650,Junior Consultant,2007,2013,False
1345,276,Senior Engineer,2012,2018,False
1345,476,Manager Engineer,2016,,True
1346,395,Intern Designer,2022,,True
1347,366,Mid Analyst,2014,,True
1348,714,Director Analyst,2022,2026,False
1349,297,Mid Analyst,2005,2009,False
1350,993,Senior PM,2024,2026,False
1351,985,Lead PM,2009,2014,False
1353,933,Senior PM,2024,2026,False
1357,596,Mid Consultant,2018,2024,False
1358,131,Intern Designer,2015,,True
1359,755,Senior Engineer,2021,2026,False
1359,665,Senior Analyst,2024,,True
1360,96,Director PM,2014,,True
1361,598,Manager PM,2016,2017,False
1362,343,Mid Analyst,2010,,True
1363,106,Mid PM,2015,,True
1364,453,Lead Designer,2011,2016,False
1364,303,Lead Consultant,2014,2017,False
1366,329,Senior Consultant,2014,2020,False
1367,77,Intern PM,2020,,True
1369,94,Manager Analyst,2005,,True
1370,386,Manager Analyst,2012,2016,False
1371,473,Manager Analyst,2011,2013,False
1372,518,Mid PM,2019,2020,False
1373,401,Director Engineer,2005,,True
1374,310,Lead Designer,2022,2026,False
1376,880,Senior Consultant,2009,,True
1377,572,Manager Analyst,2023,2026,False
1378,646,Intern Designer,2013,,True
1379,632,Lead Analyst,2005,,True
1380,300,Manager PM,2016,2017,False
1380,938,Mid Consultant,2020,,True
1381,429,Lead Consultant,2018,,True
1382,706,Lead Designer,2012,2018,False
1383,514,Intern Consultant,2023,,True
1384,90,Junior Designer,2022,2026,False
1385,608,Director PM,2021,,True
1386,835,Mid Engineer,2013,2016,False
1387,516,Senior Analyst,2006,,True
1388,47,Director PM,2021,,True
1389,623,Junior Consultant,2025,,True
1390,238,Mid PM,2016,2019,False
1391,115,Director Engineer,2010,,True
1393,66,Lead PM,2005,,True
1394,318,Lead Consultant,2018,,True
1396,61,Senior Designer,2011,,True
1397,441,Intern Engineer,2023,,True
1398,119,Intern Analyst,2015,2018,False
1399,565,Manager PM,2018,2024,False
1399,808,Lead Engineer,2019,,True
1400,534,Junior Analyst,2024,,True
1401,557,Manager Designer,2018,,True
1402,528,Mid Engineer,2015,,True
1403,805,Junior PM,2020,,True
1404,906,Junior Consultant,2007,2011,False
1404,32,Intern PM,2008,,True
1405,395,Director Engineer,2025,2026,False
1406,119,Senior Consultant,2011,,True
1407,590,Manager PM,2008,2012,False
1408,84,Senior Designer,2021,,True
1410,625,Lead Analyst,2009,2015,False
1411,868,Intern Designer,2016,2021,False
1411,959,Senior Engineer,2018,2020,False
1412,144,Director Analyst,2007,2010,False
1413,139,Lead Consultant,2006,2007,False
1414,847,Director Engineer,2020,2024,False
1414,219,Mid PM,2023,,True
1415,460,Lead Engineer,2013,,True
1416,708,Senior Analyst,2010,2012,False
1417,398,Intern Designer,2016,2020,False
1417,607,Manager Engineer,2018,,True
1418,442,Director Engineer,2006,,True
1419,135,Director Analyst,2025,,True
1421,896,Director Designer,2021,,True
1422,155,Intern Consultant,2012,2016,False
1423,705,Manager PM,2021,,True
1424,721,Intern PM,2025,2026,False
1424,397,Intern Consultant,2028,,True
1425,92,Junior Engineer,2007,,True
1427,281,Manager PM,2008,,True
1428,816,Director Engineer,2018,2023,False
1429,105,Intern PM,2013,,True
1430,334,Mid PM,2013,,True
1431,12,Manager Consultant,2023,,True
1432,709,Mid Consultant,2019,,True
1433,226,Manager PM,2024,2026,False
1435,281,Mid Analyst,2007,,True
1436,466,Senior Designer,2025,,True
1437,691,Lead Consultant,2025,,True
1438,620,Lead Consultant,2007,,True
1440,538,Senior Engineer,2025,,True
1441,385,Mid PM,2021,,True
1442,986,Junior PM,2017,2021,False
1442,703,Intern Engineer,2021,,True
1443,737,Senior Designer,2022,,True
1444,535,Mid Designer,2009,,True
1445,128,Mid Designer,2017,,True
1446,842,Intern Analyst,2014,,True
1447,510,Junior Engineer,2009,,True
1448,184,Mid Analyst,2011,2015,False
1449,1,Mid PM,2021,2025,False
1450,464,Mid Engineer,2008,2010,False
1450,185,Intern Consultant,2010,,True
1451,90,Manager Engineer,2011,,True
1452,18,Director PM,2024,2026,False
1452,338,Manager Analyst,2026,,True
1453,736,Intern PM,2008,,True
1454,593,Manager Analyst,2013,2016,False
1454,278,Manager Engineer,2016,,True
1455,552,Lead Analyst,2020,2022,False
1456,651,Director Designer,2019,2022,False
1459,544,Junior Engineer,2009,,True
1460,580,Intern PM,2021,2022,False
1461,824,Senior Analyst,2023,2025,False
1461,698,Senior Consultant,2027,2026,False
1462,446,Manager Consultant,2011,2015,False
1463,290,Director Analyst,2016,,True
1464,308,Lead PM,2021,,True
1465,506,Junior Consultant,2025,,True
1466,132,Mid Analyst,2025,,True
1468,696,Lead Engineer,2010,2011,False
1468,571,Junior Consultant,2013,,True
1469,754,Junior PM,2021,,True
1471,485,Senior Designer,2018,2020,False
1472,994,Mid Consultant,2020,,True
1473,133,Manager Designer,2006,,True
1475,400,Mid PM,2022,,True
1476,769,Senior Analyst,2009,2015,False
1478,964,Mid Consultant,2007,,True
1479,125,Director Designer,2005,,True
1480,365,Director PM,2023,2026,False
1480,146,Mid Designer,2026,,True
1481,219,Director PM,2024,2025,False
1481,71,Director Engineer,2027,,True
1482,249,Director PM,2013,,True
1483,863,Senior Engineer,2024,,True
1484,765,Director Consultant,2011,,True
1485,615,Mid PM,2020,2026,False
1486,71,Lead PM,2021,,True
1487,55,Intern Consultant,2009,,True
1488,223,Senior Analyst,2019,,True
1489,598,Junior Analyst,2006,2008,False
1489,889,Junior Analyst,2008,2011,False
1490,42,Intern Consultant,2019,,True
1491,320,Junior Designer,2021,,True
1492,741,Mid Engineer,2020,,True
1493,395,Director Consultant,2018,,True
1495,735,Junior PM,2009,,True
1496,186,Lead Analyst,2025,2026,False
1496,807,Director Analyst,2029,2026,False
1497,810,Director Designer,2013,,True
1498,810,Lead Analyst,2011,,True
1499,740,Manager PM,2016,2021,False
1499,798,Junior Engineer,2020,,True
1500,407,Mid PM,2006,,True
