personId,name,headline,location,industry,yearsExp,openToWork
1,Carlos García Gómez,Full-Stack Developer,Alicante,EdTech,3,False
2,Sergio González Alonso,Cybersecurity Analyst,Barcelona,Software,2,True
3,Pablo Álvarez Gutiérrez,Data Analyst,Rome,Retail,20,False
4,Sergio Díaz Pérez,AI Researcher,Amsterdam,Energy,0,True
5,Raúl Jiménez Gómez,Backend Developer,Zaragoza,Media,3,True
6,Carmen Rodríguez Ruiz,Business Analyst,Porto,Energy,1,False
7,Nuria Romero Rodríguez,Cybersecurity Analyst,Valencia,Logistics,20,False
8,Álvaro Alonso Sánchez,Consultant,Valencia,Telecom,7,False
9,Marta Pérez Rodríguez,Cybersecurity Analyst,Murcia,Biotech,20,False
10,Javier Ruiz Ruiz,Full-Stack Developer,Murcia,FinTech,19,False
11,Javier Romero Pérez,Backend Developer,London,AI,8,False
12,Sergio Pérez Jiménez,Business Analyst,Barcelona,Manufacturing,1,False
13,Carmen Gómez González,Full-Stack Developer,Amsterdam,Media,6,False
14,Hugo Hernández Moreno,Backend Developer,Murcia,EdTech,7,False
15,Sergio Romero Gómez,Consultant,Amsterdam,Cybersecurity,18,False
16,Álvaro Pérez López,UX Designer,Dublin,FinTech,1,True
17,Lucía Martínez Díaz,QA Engineer,Valencia,AI,12,False
18,Nuria Álvarez Gómez,UX Designer,Madrid,HealthTech,17,False
19,Irene Rodríguez Martin,Cybersecurity Analyst,Málaga,Biotech,0,False
20,Elena Álvarez Martínez,UX Designer,Sevilla,Logistics,20,False
21,Mario Sánchez López,DevOps Engineer,Málaga,Software,19,False
22,Hugo García Rodríguez,DevOps Engineer,Valladolid,Manufacturing,1,True
23,Paula González González,Consultant,Dublin,FinTech,17,True
24,Lucía Muñoz Romero,Backend Developer,Murcia,Cybersecurity,6,False
25,Sofía Martin Hernández,Sales Engineer,Porto,Biotech,16,False
26,Carlos Pérez Pérez,Data Engineer,Lisboa,Software,18,False
27,Pablo Alonso Pérez,Data Analyst,Valencia,Telecom,7,True
28,Luis Jiménez González,UX Designer,Alicante,Energy,15,True
29,Sergio López Alonso,QA Engineer,Dublin,Manufacturing,15,False
30,Sofía Rodríguez Rodríguez,Sales Engineer,Berlin,Gaming,13,False
31,Nuria Fernández Rodríguez,Data Analyst,Paris,Media,3,True
32,Sofía Sánchez Romero,AI Researcher,Bilbao,Cybersecurity,5,False
33,Nuria Pérez González,AI Researcher,Rome,HealthTech,1,False
34,Sergio García González,Cloud Architect,Alicante,Consulting,13,False
35,Hugo Sánchez Hernández,Data Analyst,Málaga,AI,0,False
36,Elena Moreno Martin,Cybersecurity Analyst,Rome,Real Estate,4,True
37,Diego Sánchez Fernández,QA Engineer,Rome,Telecom,10,True
38,Luis Alonso Muñoz,UX Designer,Milan,Consulting,1,False
39,Marta Martínez González,QA Engineer,Valencia,Manufacturing,12,True
40,Paula Pérez Alonso,QA Engineer,Barcelona,FinTech,13,False
41,Paula Alonso Álvarez,DevOps Engineer,Murcia,Retail,10,True
42,Elena Hernández López,Sales Engineer,Valladolid,Biotech,10,True
43,Ana Moreno Gutiérrez,QA Engineer,Sevilla,FinTech,17,True
44,Laura Gómez López,DevOps Engineer,Valencia,Manufacturing,11,False
45,Javier Moreno Romero,Consultant,Valladolid,Software,17,False
46,Carlos López Gómez,Data Engineer,Sevilla,EdTech,8,False
47,Mario Sánchez Jiménez,Full-Stack Developer,Murcia,Real Estate,8,True
48,Marta Díaz Gómez,Data Analyst,Madrid,Media,4,False
49,Elena Martínez Moreno,UX Designer,Berlin,Software,3,True
50,Lucía Romero Fernández,Business Analyst,Porto,EdTech,13,True
51,Luis Martin Ruiz,Cloud Architect,Barcelona,Gaming,6,False
52,Pablo Rodríguez Ruiz,Cloud Architect,Rome,Cybersecurity,19,False
53,Lucía Pérez Martínez,Cloud Architect,Málaga,Cybersecurity,0,True
54,Irene Díaz Pérez,Product Manager,Málaga,HealthTech,12,True
55,Hugo Pérez Sánchez,Business Analyst,London,Gaming,9,True
56,Pablo García Sánchez,Cybersecurity Analyst,Lisboa,Energy,2,False
57,Álvaro Álvarez Hernández,Sales Engineer,Rome,Media,0,True
58,Elena Martínez Alonso,Product Manager,Barcelona,HealthTech,19,False
59,Álvaro Jiménez Díaz,QA Engineer,Milan,HealthTech,12,False
60,Sofía Gómez Fernández,Consultant,Berlin,Software,16,False
61,Sofía Ruiz Díaz,Data Engineer,Lisboa,Media,3,False
62,Diego Álvarez Martin,Sales Engineer,Berlin,Media,12,False
63,Diego Romero López,Full-Stack Developer,Berlin,AI,5,False
64,Paula Martin Hernández,UX Designer,Madrid,Logistics,9,True
65,Raúl Alonso Gutiérrez,Sales Engineer,Lisboa,Biotech,14,False
66,Sofía Álvarez Muñoz,Cloud Architect,Málaga,FinTech,9,False
67,Mario Jiménez González,Business Analyst,Alicante,Logistics,7,True
68,Lucía García Fernández,Full-Stack Developer,Dublin,FinTech,14,False
69,Paula Sánchez Hernández,AI Researcher,Paris,Manufacturing,4,False
70,Ana Rodríguez Díaz,Full-Stack Developer,Málaga,Biotech,1,False
71,Pablo Rodríguez Moreno,Backend Developer,London,Media,14,False
72,Laura Díaz Romero,AI Researcher,Málaga,Real Estate,14,False
73,Pablo Gómez Álvarez,AI Researcher,Alicante,Energy,14,True
74,Diego Pérez Gómez,DevOps Engineer,Lisboa,FinTech,4,True
75,Pablo Hernández López,Consultant,Zaragoza,FinTech,13,False
76,Irene Romero Moreno,Cybersecurity Analyst,Barcelona,Retail,13,False
77,Paula García Alonso,Cybersecurity Analyst,Dublin,Software,11,False
78,Carmen Díaz Romero,Consultant,Rome,Manufacturing,15,True
79,Elena Díaz Muñoz,Data Analyst,Paris,Media,12,False
80,Javier Moreno López,QA Engineer,Rome,Software,12,False
81,Paula García González,Sales Engineer,Berlin,EdTech,14,True
82,Luis Gómez Hernández,DevOps Engineer,Zaragoza,Biotech,10,False
83,Carmen Gómez Díaz,Product Manager,Valencia,Real Estate,0,False
84,Sergio Fernández Ruiz,Full-Stack Developer,Valencia,Telecom,0,True
85,Sofía García Gutiérrez,Backend Developer,Alicante,EdTech,15,False
86,Carlos Alonso Sánchez,AI Researcher,Murcia,Gaming,5,False
87,Mario Rodríguez Martínez,Product Manager,Sevilla,Software,9,False
88,Carmen Hernández Sánchez,Data Engineer,Amsterdam,Manufacturing,3,False
89,Diego Gutiérrez Rodríguez,Cloud Architect,Amsterdam,Telecom,11,False
90,Raúl Ruiz González,UX Designer,Lisboa,Software,13,False
91,Carlos Díaz Ruiz,Sales Engineer,London,EdTech,13,True
92,Laura Gómez Gutiérrez,Cloud Architect,Rome,Real Estate,14,False
93,Paula Gómez Jiménez,Business Analyst,Alicante,FinTech,8,False
94,Pablo Moreno Alonso,QA Engineer,Paris,Media,0,False
95,Irene Martínez Muñoz,Full-Stack Developer,Porto,Energy,10,False
96,Mario Gómez Romero,Data Analyst,Milan,Retail,2,True
97,Raúl Muñoz Romero,Cloud Architect,Alicante,Real Estate,20,False
98,Hugo Moreno García,Data Engineer,Valladolid,Manufacturing,12,False
99,Pablo Martin Alonso,DevOps Engineer,Dublin,Gaming,13,False
100,Sergio Jiménez Ruiz,Consultant,London,Energy,9,False
101,Pablo Rodríguez Sánchez,DevOps Engineer,Sevilla,Consulting,6,True
102,Hugo Gómez Alonso,Cloud Architect,Milan,Logistics,3,True
103,Diego Pérez Ruiz,Backend Developer,Valladolid,Software,17,True
104,Elena Fernández Fernández,UX Designer,Valladolid,EdTech,20,False
105,Carlos García Alonso,Product Manager,Dublin,Real Estate,14,False
106,Javier Fernández Gómez,Business Analyst,Dublin,HealthTech,2,False
107,Hugo González Alonso,Sales Engineer,Barcelona,EdTech,4,False
108,Diego González Pérez,Data Engineer,Rome,Cybersecurity,19,False
109,Mario Pérez Álvarez,Cybersecurity Analyst,London,Biotech,9,False
110,Raúl Martin Alonso,QA Engineer,Barcelona,HealthTech,6,False
111,Sofía Gómez González,Backend Developer,Alicante,Consulting,17,True
112,Javier García Díaz,AI Researcher,Brussels,Real Estate,9,True
113,Pablo Martin Martin,Consultant,London,FinTech,7,False
114,Paula Sánchez Díaz,Data Engineer,Rome,Manufacturing,20,True
115,Elena López González,Data Analyst,Málaga,Logistics,19,False
116,Paula Martin Moreno,Data Engineer,London,Logistics,12,False
117,Laura Romero Muñoz,AI Researcher,Valencia,Telecom,13,False
118,Irene Gutiérrez Gómez,Data Analyst,Valencia,Manufacturing,18,False
119,Ana Gómez Alonso,Data Analyst,Málaga,Real Estate,16,False
120,Nuria Gómez Martínez,QA Engineer,Berlin,Real Estate,2,False
121,Álvaro Díaz Jiménez,DevOps Engineer,Sevilla,Consulting,10,False
122,Hugo Martin Hernández,Business Analyst,Rome,Telecom,14,True
123,Irene Gómez Jiménez,Data Engineer,Paris,Software,17,False
124,Raúl Fernández Sánchez,UX Designer,Porto,Real Estate,20,False
125,Luis Sánchez Gómez,UX Designer,Bilbao,Logistics,14,False
126,Hugo Rodríguez García,Sales Engineer,Brussels,Manufacturing,5,False
127,Sergio García Romero,Cybersecurity Analyst,Valencia,Manufacturing,3,False
128,Carlos López Muñoz,Consultant,Valladolid,Energy,13,False
129,Hugo Pérez Moreno,UX Designer,Bilbao,AI,6,False
130,Laura López González,Product Manager,Berlin,Media,16,False
131,Ana Martin Martin,Business Analyst,Amsterdam,Real Estate,4,False
132,Sergio Muñoz Ruiz,DevOps Engineer,Rome,AI,14,False
133,Sofía Pérez Alonso,Cybersecurity Analyst,Alicante,Cybersecurity,1,False
134,Hugo Hernández Hernández,Sales Engineer,Bilbao,Real Estate,1,True
135,Laura Alonso Jiménez,Business Analyst,Sevilla,Biotech,3,False
136,Nuria García López,Cybersecurity Analyst,Bilbao,FinTech,15,False
137,Irene Gutiérrez Hernández,Sales Engineer,Valencia,Media,17,False
138,Irene Muñoz Romero,Data Analyst,Brussels,FinTech,7,False
139,Diego Pérez González,Cybersecurity Analyst,Sevilla,HealthTech,14,True
140,Diego García Fernández,DevOps Engineer,Barcelona,Logistics,11,False
141,Raúl López Pérez,UX Designer,Berlin,Consulting,5,True
142,Marta Gutiérrez Hernández,QA Engineer,Alicante,Real Estate,18,True
143,Pablo Moreno Gómez,AI Researcher,Murcia,Software,14,False
144,Sergio Martínez González,AI Researcher,Porto,Logistics,20,False
145,Elena Moreno Martin,Full-Stack Developer,Paris,Real Estate,3,True
146,Carmen Alonso Ruiz,QA Engineer,Valladolid,Logistics,0,False
147,Carmen Gómez García,QA Engineer,Barcelona,Real Estate,9,True
148,Mario Ruiz Pérez,Sales Engineer,Zaragoza,Energy,4,False
149,Carlos Fernández Martin,Cloud Architect,London,Telecom,18,False
150,Lucía González Martin,DevOps Engineer,Berlin,Consulting,6,True
151,Sergio Ruiz Álvarez,UX Designer,Murcia,Consulting,8,False
152,Diego Jiménez Rodríguez,AI Researcher,Valencia,EdTech,7,False
153,Carmen Romero Ruiz,Data Engineer,Paris,Software,8,False
154,Carlos Moreno Ruiz,Sales Engineer,Murcia,AI,20,False
155,Carlos Pérez Muñoz,Data Analyst,Brussels,Media,19,True
156,Marta Moreno Martin,Sales Engineer,Berlin,HealthTech,4,True
157,Luis Martin Muñoz,Data Engineer,Sevilla,Manufacturing,17,True
158,Carmen Moreno Ruiz,Sales Engineer,Rome,Cybersecurity,18,False
159,Lucía Díaz Rodríguez,Business Analyst,Dublin,Cybersecurity,8,True
160,Álvaro Sánchez Moreno,AI Researcher,Alicante,Gaming,3,False
161,Álvaro Romero Ruiz,Data Analyst,Paris,Energy,6,True
162,Nuria González Sánchez,Sales Engineer,Brussels,Software,1,False
163,Pablo López Alonso,Full-Stack Developer,Valencia,Retail,18,True
164,Pablo Jiménez López,Cloud Architect,Brussels,Software,8,True
165,Lucía Romero Gómez,Cloud Architect,Málaga,HealthTech,0,True
166,Ana Ruiz Pérez,QA Engineer,Lisboa,Software,5,False
167,Luis López Díaz,UX Designer,Sevilla,FinTech,15,False
168,Álvaro Álvarez Alonso,Data Engineer,London,Manufacturing,19,True
169,Laura Martin Moreno,Sales Engineer,Madrid,Telecom,15,False
170,Raúl Rodríguez Muñoz,Consultant,London,FinTech,2,False
171,Mario López González,Backend Developer,Murcia,Media,12,False
172,Laura Martin Moreno,UX Designer,Brussels,Cybersecurity,3,False
173,Carlos Romero Sánchez,Cybersecurity Analyst,London,Manufacturing,13,False
174,Nuria Hernández Díaz,Consultant,Sevilla,Media,13,False
175,Elena Ruiz López,Sales Engineer,Dublin,FinTech,2,True
176,Marta Díaz Rodríguez,Consultant,Porto,EdTech,17,True
177,Paula Romero Romero,DevOps Engineer,Sevilla,Cybersecurity,11,False
178,Raúl Fernández Martin,QA Engineer,Valladolid,Gaming,3,False
179,Laura Sánchez López,Sales Engineer,Dublin,Manufacturing,3,False
180,Sergio Ruiz Rodríguez,Cloud Architect,Murcia,Manufacturing,13,False
181,Mario Gutiérrez Romero,Data Analyst,Brussels,Energy,0,True
182,Elena Martin Jiménez,DevOps Engineer,Madrid,Consulting,4,False
183,Carmen González López,Consultant,Madrid,FinTech,16,True
184,Carmen Díaz Moreno,DevOps Engineer,Málaga,Gaming,9,False
185,Irene Alonso Gutiérrez,Data Engineer,Barcelona,EdTech,5,False
186,Luis González Gómez,AI Researcher,Berlin,Real Estate,19,False
187,Raúl Gómez Sánchez,Cloud Architect,Milan,HealthTech,11,False
188,Carlos Martin Alonso,AI Researcher,Milan,Logistics,1,True
189,Carmen Gutiérrez Fernández,Data Analyst,Zaragoza,Logistics,6,True
190,Elena Martin Jiménez,Data Engineer,Madrid,Real Estate,13,True
191,Lucía Hernández Romero,Consultant,Alicante,Gaming,2,False
192,Luis Díaz García,AI Researcher,Valencia,Media,18,False
193,Paula Hernández Díaz,Product Manager,Sevilla,AI,0,False
194,Javier Gutiérrez Moreno,Business Analyst,Porto,FinTech,13,True
195,Pablo Díaz Alonso,Cybersecurity Analyst,Milan,FinTech,12,False
196,Irene Pérez Jiménez,Cloud Architect,Málaga,FinTech,16,False
197,Carlos Álvarez Álvarez,Full-Stack Developer,Porto,Gaming,20,True
198,Pablo Rodríguez López,Product Manager,Zaragoza,Consulting,19,True
199,Marta Martínez Muñoz,AI Researcher,Amsterdam,Biotech,18,False
200,Mario Jiménez Jiménez,Backend Developer,London,FinTech,15,False
201,Diego Gómez Alonso,Data Analyst,Porto,FinTech,9,False
202,Nuria Fernández Fernández,DevOps Engineer,Valladolid,FinTech,20,True
203,Mario Gutiérrez Álvarez,Cybersecurity Analyst,London,Telecom,14,False
204,Sofía Jiménez Gutiérrez,AI Researcher,Milan,EdTech,1,False
205,Carlos Jiménez González,UX Designer,Málaga,Telecom,7,False
206,Nuria Moreno Álvarez,UX Designer,Brussels,Consulting,11,False
207,Diego Hernández Díaz,Cloud Architect,Lisboa,Telecom,20,False
208,Irene González Jiménez,Data Engineer,Rome,AI,9,False
209,Mario López Jiménez,Data Engineer,Amsterdam,EdTech,11,False
210,Carmen López Gutiérrez,Consultant,Valencia,Logistics,17,False
211,Irene López Álvarez,Data Engineer,Berlin,Gaming,0,False
212,Diego Martínez Sánchez,DevOps Engineer,Dublin,Retail,7,True
213,Lucía González Martin,Business Analyst,Sevilla,Telecom,10,False
214,Lucía Gutiérrez Hernández,Backend Developer,Málaga,Consulting,19,True
215,Nuria Fernández Díaz,DevOps Engineer,Alicante,Biotech,19,False
216,Nuria Pérez Romero,Full-Stack Developer,Valladolid,Real Estate,6,False
217,Paula Moreno Moreno,Cloud Architect,Valladolid,AI,16,False
218,Raúl Martínez Sánchez,Cloud Architect,Brussels,EdTech,8,True
219,Hugo Ruiz Romero,Data Engineer,Milan,HealthTech,9,True
220,Javier Gómez Moreno,UX Designer,Bilbao,Cybersecurity,2,True
221,Nuria Ruiz García,Cybersecurity Analyst,Barcelona,AI,16,False
222,Pablo Hernández González,DevOps Engineer,Alicante,Software,10,True
223,Irene López López,Data Analyst,Valladolid,Real Estate,4,False
224,Hugo Moreno Gutiérrez,Data Analyst,Valencia,Software,8,True
225,Lucía Romero Gutiérrez,UX Designer,Berlin,HealthTech,9,True
226,Diego Rodríguez Fernández,Full-Stack Developer,Berlin,Biotech,2,True
227,Hugo Gutiérrez Romero,Data Analyst,Milan,Manufacturing,4,False
228,Raúl García Gutiérrez,DevOps Engineer,Alicante,Cybersecurity,5,False
229,Marta Álvarez Ruiz,Data Engineer,Milan,Software,12,False
230,Luis Hernández Ruiz,Product Manager,Madrid,Gaming,2,False
231,Pablo Rodríguez Alonso,Consultant,Lisboa,EdTech,1,False
232,Sergio Jiménez Martínez,Business Analyst,London,Real Estate,20,True
233,Lucía González Moreno,Data Analyst,Valladolid,Retail,1,True
234,Luis Jiménez Martin,UX Designer,Paris,Real Estate,8,True
235,Sofía Martin Ruiz,Business Analyst,Barcelona,Media,8,True
236,Álvaro Díaz Hernández,Consultant,London,AI,10,True
237,Hugo Muñoz Ruiz,Cloud Architect,Milan,Energy,2,False
238,Raúl González Díaz,QA Engineer,Málaga,Logistics,10,True
239,Marta Jiménez Martin,Product Manager,London,Cybersecurity,5,False
240,Nuria Ruiz Moreno,Data Analyst,Porto,Cybersecurity,8,False
241,Luis González Hernández,DevOps Engineer,Milan,Consulting,0,True
242,Mario Moreno Fernández,Backend Developer,Valencia,Manufacturing,20,False
243,Álvaro Hernández Alonso,Data Analyst,Brussels,EdTech,14,False
244,Álvaro Moreno González,QA Engineer,Bilbao,Gaming,12,False
245,Elena Pérez Rodríguez,Data Analyst,Málaga,Real Estate,16,False
246,Sergio Rodríguez Gómez,Cloud Architect,Murcia,Biotech,6,False
247,Diego Muñoz Sánchez,Data Engineer,Bilbao,FinTech,14,True
248,Nuria González Jiménez,Sales Engineer,Porto,FinTech,17,False
249,Diego Martin Martínez,Consultant,Málaga,Gaming,16,True
250,Carlos Sánchez López,Full-Stack Developer,Dublin,Software,11,False
251,Paula Ruiz Moreno,Cloud Architect,Rome,EdTech,19,True
252,Marta Martin Hernández,Consultant,Dublin,Cybersecurity,13,False
253,Marta López Jiménez,Sales Engineer,Valencia,Biotech,14,False
254,Laura Ruiz López,Business Analyst,Rome,Consulting,4,False
255,Laura Fernández Rodríguez,UX Designer,Bilbao,Logistics,5,True
256,Irene Pérez Ruiz,UX Designer,Valladolid,FinTech,8,True
257,Sergio Gómez López,Sales Engineer,Valladolid,FinTech,16,False
258,Javier Alonso Alonso,Backend Developer,Málaga,Media,18,True
259,Ana González Fernández,Sales Engineer,Amsterdam,Energy,20,True
260,Paula Díaz Gutiérrez,Sales Engineer,Madrid,Real Estate,20,False
261,Diego Martin Muñoz,Full-Stack Developer,Paris,Logistics,14,True
262,Luis Martínez Moreno,Cybersecurity Analyst,Dublin,Biotech,6,False
263,Mario López Jiménez,Business Analyst,Lisboa,Gaming,12,True
264,Álvaro Álvarez Romero,Data Engineer,Lisboa,Manufacturing,14,True
265,Elena Moreno Pérez,Backend Developer,Sevilla,Telecom,9,False
266,Mario Díaz Pérez,Business Analyst,Málaga,Media,18,False
267,Irene Sánchez Martínez,AI Researcher,Milan,Biotech,15,False
268,Hugo García González,Cybersecurity Analyst,Milan,Biotech,7,True
269,Paula Ruiz Fernández,Data Analyst,Valladolid,Real Estate,19,False
270,Hugo Martin Romero,Data Analyst,Sevilla,Cybersecurity,4,False
271,Álvaro Hernández Ruiz,Data Analyst,Paris,Telecom,18,False
272,Sofía Ruiz Romero,Product Manager,Valencia,AI,16,False
273,Sergio Gómez Gutiérrez,Sales Engineer,Brussels,HealthTech,4,True
274,Carmen Ruiz Jiménez,UX Designer,Porto,EdTech,6,False
275,Laura Hernández Álvarez,Data Analyst,Barcelona,Telecom,4,False
276,Irene Muñoz Álvarez,AI Researcher,Bilbao,EdTech,10,False
277,Irene Martínez Hernández,QA Engineer,Valladolid,Media,16,False
278,Sergio Muñoz Alonso,Product Manager,Dublin,Software,11,False
279,Carlos Díaz Alonso,Product Manager,Madrid,Real Estate,8,False
280,Paula Alonso Pérez,Consultant,Barcelona,Real Estate,5,False
281,Mario Hernández López,Business Analyst,Alicante,Telecom,18,False
282,Carlos Sánchez García,AI Researcher,Lisboa,Cybersecurity,4,False
283,Sofía Díaz Álvarez,Cloud Architect,Brussels,Real Estate,1,False
284,Lucía Álvarez Sánchez,UX Designer,Lisboa,Real Estate,16,False
285,Irene Martínez Moreno,UX Designer,Lisboa,Gaming,20,False
286,Elena Gutiérrez Muñoz,Full-Stack Developer,Alicante,Energy,17,False
287,Pablo Martin Martin,Consultant,Zaragoza,Real Estate,10,False
288,Álvaro Romero Gómez,Product Manager,Sevilla,AI,12,False
289,Lucía Martin Fernández,Product Manager,Valencia,Gaming,14,False
290,Elena Muñoz Sánchez,Full-Stack Developer,Rome,Energy,17,False
291,Elena López Rodríguez,QA Engineer,Amsterdam,Manufacturing,7,True
292,Laura Pérez Pérez,Data Analyst,Sevilla,Cybersecurity,10,False
293,Hugo Rodríguez López,Data Analyst,Rome,Consulting,13,False
294,Hugo Muñoz Sánchez,Cloud Architect,Valladolid,Media,9,False
295,Luis González Alonso,Full-Stack Developer,Rome,Telecom,5,False
296,Javier Fernández Hernández,Cloud Architect,Dublin,Consulting,9,True
297,Ana Martin Alonso,QA Engineer,Sevilla,Media,9,False
298,Sergio Álvarez Muñoz,Backend Developer,Milan,Biotech,8,True
299,Carlos Jiménez Martínez,Consultant,London,Energy,5,True
300,Irene Martin Alonso,Sales Engineer,Zaragoza,Consulting,19,False
301,Carmen Díaz Álvarez,DevOps Engineer,Valencia,AI,3,True
302,Lucía Muñoz Jiménez,Full-Stack Developer,Madrid,Energy,12,True
303,Nuria Gómez Jiménez,Product Manager,Amsterdam,Software,8,False
304,Álvaro Pérez Fernández,Sales Engineer,Sevilla,Biotech,9,True
305,Carmen Álvarez Martin,Consultant,Sevilla,Logistics,11,False
306,Pablo Pérez López,AI Researcher,Bilbao,Biotech,19,False
307,Raúl Romero Muñoz,Cloud Architect,Rome,Retail,7,False
308,Mario González Álvarez,AI Researcher,Milan,Gaming,2,False
309,Carlos Fernández Romero,UX Designer,Zaragoza,EdTech,5,False
310,Laura Moreno Rodríguez,Sales Engineer,Zaragoza,Real Estate,2,False
311,Nuria Fernández Moreno,Backend Developer,Milan,Cybersecurity,14,False
312,Luis Romero Moreno,Sales Engineer,Valladolid,Software,12,False
313,Ana Sánchez Alonso,Data Engineer,Barcelona,Cybersecurity,11,False
314,Marta Romero Fernández,Data Engineer,Dublin,Telecom,9,False
315,Javier López Díaz,DevOps Engineer,Paris,Biotech,12,False
316,Marta Romero López,Sales Engineer,Porto,HealthTech,5,False
317,Carmen Álvarez López,Consultant,Alicante,Software,0,False
318,Nuria Romero Díaz,UX Designer,Paris,Manufacturing,7,False
319,Álvaro López Gómez,Full-Stack Developer,Sevilla,Telecom,13,False
320,Ana Pérez Sánchez,Data Engineer,Sevilla,Telecom,14,False
321,Luis Pérez Fernández,Cybersecurity Analyst,London,Manufacturing,17,True
322,Luis López Álvarez,Product Manager,Alicante,Media,18,False
323,Irene Pérez Martin,Backend Developer,Milan,Manufacturing,13,False
324,Elena Fernández Romero,QA Engineer,Málaga,Cybersecurity,17,False
325,Luis Ruiz Hernández,Cloud Architect,Milan,Media,13,False
326,Lucía Martin Hernández,Backend Developer,Rome,Real Estate,7,True
327,Diego López Moreno,Data Analyst,Rome,Cybersecurity,13,False
328,Laura López Hernández,Full-Stack Developer,Murcia,Retail,10,False
329,Marta Moreno Ruiz,Data Engineer,Rome,Retail,1,False
330,Carmen Gutiérrez Gutiérrez,Data Analyst,Valencia,Retail,18,False
331,Sergio Sánchez Muñoz,Full-Stack Developer,Lisboa,Logistics,0,True
332,Sofía Rodríguez Muñoz,Full-Stack Developer,Brussels,Retail,12,True
333,Sergio Jiménez Martin,Cybersecurity Analyst,London,Gaming,9,False
334,Álvaro Álvarez Muñoz,AI Researcher,Sevilla,Real Estate,10,True
335,Álvaro Jiménez Díaz,Data Analyst,Amsterdam,Manufacturing,4,True
336,Elena Romero Alonso,QA Engineer,Berlin,Logistics,4,True
337,Irene Pérez Hernández,QA Engineer,Alicante,Real Estate,17,False
338,Irene Gómez Muñoz,Consultant,Dublin,Biotech,5,False
339,Álvaro Martínez López,Consultant,Rome,Real Estate,5,False
340,Luis Álvarez Fernández,Business Analyst,Valencia,Telecom,0,False
341,Lucía Pérez González,Consultant,Bilbao,Software,6,False
342,Nuria Ruiz Fernández,QA Engineer,Brussels,Real Estate,15,True
343,Ana Romero Romero,Cybersecurity Analyst,Madrid,Software,16,False
344,Elena Romero Martin,Data Analyst,Milan,Cybersecurity,5,True
345,Carlos Álvarez López,Full-Stack Developer,Zaragoza,Energy,11,False
346,Carmen González Ruiz,Cybersecurity Analyst,London,Manufacturing,7,False
347,Marta Fernández González,Cybersecurity Analyst,Paris,AI,17,False
348,Luis García Martínez,Data Engineer,Dublin,Cybersecurity,20,False
349,Paula Rodríguez Álvarez,Data Analyst,Alicante,Retail,18,False
350,Elena Fernández González,Sales Engineer,Murcia,Telecom,5,False
351,Ana Sánchez Alonso,Backend Developer,Paris,FinTech,9,True
352,Paula Pérez Alonso,Business Analyst,Paris,Media,12,False
353,Lucía González Álvarez,Consultant,Porto,Telecom,3,False
354,Pablo González Jiménez,QA Engineer,Brussels,AI,10,True
355,Elena Moreno Muñoz,Full-Stack Developer,Porto,AI,13,True
356,Paula Hernández González,Cloud Architect,Brussels,Logistics,7,False
357,Marta González Gómez,Backend Developer,Paris,EdTech,12,False
358,Álvaro Rodríguez González,Data Analyst,Valladolid,Biotech,11,False
359,Carlos López González,Backend Developer,Berlin,Biotech,17,False
360,Laura Díaz Rodríguez,Data Analyst,Valencia,Gaming,17,True
361,Mario Gutiérrez Jiménez,Business Analyst,Paris,Software,9,False
362,Carmen González Romero,Full-Stack Developer,Amsterdam,Consulting,12,True
363,Lucía Gómez Martin,Product Manager,Dublin,EdTech,2,True
364,Raúl Gómez Díaz,Product Manager,Dublin,FinTech,11,False
365,Pablo Muñoz Gutiérrez,QA Engineer,Zaragoza,Biotech,3,True
366,Diego García Hernández,DevOps Engineer,Brussels,AI,10,False
367,Irene Díaz Gutiérrez,Backend Developer,Valladolid,Media,19,False
368,Sofía Muñoz Jiménez,Backend Developer,Paris,Media,9,False
369,Hugo Alonso Pérez,DevOps Engineer,Paris,Energy,12,False
370,Carlos Alonso Sánchez,QA Engineer,Rome,Consulting,17,True
371,Nuria Sánchez Moreno,Cloud Architect,Valladolid,FinTech,13,False
372,Hugo López Martin,Full-Stack Developer,Murcia,EdTech,13,False
373,Marta Moreno Gutiérrez,AI Researcher,Amsterdam,AI,17,False
374,Raúl Romero Fernández,Cloud Architect,Porto,FinTech,3,True
375,Álvaro Martínez Gutiérrez,Data Analyst,Amsterdam,AI,10,False
376,Carlos García Rodríguez,Product Manager,Alicante,Manufacturing,14,False
377,Carmen Moreno Alonso,Consultant,Milan,EdTech,11,True
378,Hugo Rodríguez Martin,Cybersecurity Analyst,Valencia,HealthTech,4,False
379,Diego Jiménez Moreno,Cloud Architect,Zaragoza,Real Estate,11,False
380,Carlos Moreno Moreno,DevOps Engineer,Valencia,Logistics,1,False
381,Carlos García Jiménez,Sales Engineer,Sevilla,Consulting,7,False
382,Javier Romero Martínez,DevOps Engineer,Rome,Cybersecurity,14,True
383,Carmen Martínez Martínez,Sales Engineer,Berlin,AI,0,False
384,Mario Sánchez Moreno,QA Engineer,Berlin,AI,0,False
385,Sofía Sánchez Gómez,Cloud Architect,Valencia,HealthTech,17,True
386,Álvaro Jiménez Sánchez,AI Researcher,Sevilla,Energy,15,False
387,Irene Gutiérrez Hernández,QA Engineer,Paris,HealthTech,11,False
388,Nuria Gutiérrez Martínez,Business Analyst,Valladolid,FinTech,4,False
389,Carlos Pérez Martin,Data Engineer,Málaga,Gaming,4,False
390,Carmen Díaz Gutiérrez,Backend Developer,Amsterdam,AI,13,True
391,Hugo Romero Martínez,UX Designer,Málaga,Real Estate,9,True
392,Javier Jiménez Moreno,QA Engineer,Barcelona,Gaming,0,False
393,Lucía Sánchez Hernández,UX Designer,Milan,Real Estate,13,False
394,Hugo Díaz Moreno,AI Researcher,Málaga,FinTech,18,True
395,Pablo Martin Fernández,Product Manager,Alicante,Logistics,5,False
396,Paula Muñoz Romero,UX Designer,Sevilla,HealthTech,8,False
397,Álvaro Romero Fernández,Cloud Architect,London,Retail,13,True
398,Pablo Martin Fernández,AI Researcher,Murcia,Gaming,2,False
399,Carlos Pérez Sánchez,Cloud Architect,Amsterdam,Gaming,19,False
400,Raúl Martínez Gutiérrez,Backend Developer,Zaragoza,Retail,1,False
401,Álvaro Romero Gómez,QA Engineer,Rome,Consulting,10,False
402,Diego Martin Alonso,Product Manager,Milan,HealthTech,4,False
403,Luis Gómez López,Consultant,Bilbao,Manufacturing,4,False
404,Irene Pérez Hernández,AI Researcher,Bilbao,Energy,20,False
405,Carmen Moreno González,Sales Engineer,Valencia,AI,16,False
406,Elena Ruiz Moreno,AI Researcher,Lisboa,Software,2,False
407,Nuria Ruiz González,Cloud Architect,Rome,AI,6,False
408,Sofía Muñoz Gómez,DevOps Engineer,Valladolid,Media,17,False
409,Lucía Alonso Muñoz,Cloud Architect,Lisboa,Telecom,1,True
410,Nuria García Rodríguez,Business Analyst,Málaga,Biotech,14,True
411,Raúl Sánchez López,Sales Engineer,Valladolid,Consulting,8,True
412,Álvaro Gómez González,DevOps Engineer,Málaga,Telecom,12,False
413,Diego Pérez Díaz,Sales Engineer,Valencia,HealthTech,0,True
414,Hugo González López,QA Engineer,Alicante,Biotech,0,True
415,Irene Rodríguez Díaz,Consultant,Bilbao,Real Estate,2,True
416,Carmen González Rodríguez,Data Engineer,Lisboa,Gaming,9,True
417,Carmen López López,Data Engineer,Milan,Software,19,False
418,Javier Moreno Ruiz,Consultant,Zaragoza,EdTech,13,False
419,Nuria Sánchez González,Data Engineer,Bilbao,HealthTech,18,False
420,Carmen Ruiz Díaz,DevOps Engineer,Bilbao,Manufacturing,8,False
421,Marta Pérez Romero,QA Engineer,Brussels,Logistics,0,False
422,Diego Sánchez Álvarez,QA Engineer,Milan,Retail,12,False
423,Luis Pérez Muñoz,Cybersecurity Analyst,Sevilla,Manufacturing,15,False
424,Mario González Álvarez,Data Analyst,Porto,Media,4,False
425,Paula Díaz Ruiz,UX Designer,Málaga,Real Estate,2,True
426,Paula González García,Product Manager,Zaragoza,Telecom,1,False
427,Laura Martin Álvarez,Cloud Architect,Berlin,Cybersecurity,12,True
428,Sergio Romero Gutiérrez,Backend Developer,Murcia,FinTech,9,True
429,Laura Sánchez López,UX Designer,Lisboa,AI,18,False
430,Marta Martin Díaz,Consultant,Alicante,Telecom,7,True
431,Raúl Rodríguez Moreno,QA Engineer,Brussels,Telecom,9,False
432,Javier Rodríguez García,Consultant,Bilbao,Software,5,False
433,Álvaro Álvarez Álvarez,Cloud Architect,Murcia,Consulting,11,True
434,Elena Rodríguez García,DevOps Engineer,Berlin,Energy,16,True
435,Elena Alonso González,AI Researcher,London,Gaming,1,False
436,Paula Martínez Ruiz,Backend Developer,Murcia,HealthTech,18,False
437,Carlos Pérez Álvarez,Data Analyst,Barcelona,Software,7,True
438,Hugo Ruiz Hernández,Backend Developer,Málaga,Telecom,17,False
439,Raúl Pérez Jiménez,Full-Stack Developer,Berlin,Media,8,True
440,Paula Ruiz Rodríguez,UX Designer,Barcelona,Consulting,7,False
441,Luis Hernández González,AI Researcher,Valladolid,Logistics,10,True
442,Sergio Moreno García,DevOps Engineer,Zaragoza,Logistics,18,False
443,Mario Pérez Moreno,DevOps Engineer,Amsterdam,Real Estate,6,False
444,Sergio Pérez López,Data Analyst,Berlin,Software,7,False
445,Álvaro García Jiménez,Data Analyst,Paris,Logistics,3,True
446,Laura Pérez Díaz,AI Researcher,Barcelona,EdTech,8,True
447,Luis Pérez Álvarez,Cybersecurity Analyst,Porto,Biotech,2,False
448,Carlos Álvarez López,Sales Engineer,Paris,FinTech,18,False
449,Luis Díaz López,Full-Stack Developer,Valladolid,Energy,10,False
450,Irene Jiménez Moreno,Product Manager,Alicante,FinTech,6,True
451,Paula Rodríguez López,Data Engineer,Málaga,Biotech,14,False
452,Raúl Rodríguez Romero,DevOps Engineer,Zaragoza,Biotech,9,False
453,Elena Rodríguez González,Backend Developer,Valladolid,Telecom,6,False
454,Lucía González Pérez,DevOps Engineer,Paris,Telecom,9,False
455,Javier García Hernández,Business Analyst,London,Manufacturing,3,False
456,Carlos López Rodríguez,Data Analyst,Barcelona,Manufacturing,4,True
457,Carmen Ruiz González,QA Engineer,Amsterdam,Energy,2,True
458,Marta Sánchez Moreno,Cloud Architect,Bilbao,FinTech,10,True
459,Luis Moreno Fernández,Backend Developer,Amsterdam,Cybersecurity,12,False
460,Ana Hernández Díaz,Backend Developer,Porto,Retail,5,False
461,Elena Moreno López,Data Analyst,Brussels,Manufacturing,20,False
462,Hugo Díaz Romero,AI Researcher,Barcelona,FinTech,8,False
463,Lucía Díaz Sánchez,Sales Engineer,Milan,Manufacturing,20,False
464,Ana Hernández Ruiz,AI Researcher,Rome,Real Estate,11,False
465,Laura Jiménez Hernández,Product Manager,Málaga,Software,10,False
466,Pablo García Gómez,Data Analyst,Dublin,Gaming,18,True
467,Javier Rodríguez Pérez,Sales Engineer,Alicante,Energy,17,False
468,Luis Pérez Alonso,Business Analyst,Paris,Gaming,5,True
469,Pablo Alonso Jiménez,Cloud Architect,Porto,Software,11,False
470,Paula López Alonso,Full-Stack Developer,Dublin,Logistics,5,False
471,Luis González Fernández,Full-Stack Developer,Brussels,Manufacturing,0,False
472,Hugo García Jiménez,QA Engineer,Zaragoza,EdTech,10,False
473,Javier Jiménez Fernández,Data Analyst,Bilbao,EdTech,3,False
474,Álvaro González Ruiz,Consultant,Paris,HealthTech,10,False
475,Irene López Martínez,Consultant,Berlin,Real Estate,20,False
476,Javier Romero Gutiérrez,Cloud Architect,Porto,Manufacturing,18,True
477,Carmen Martin Martin,Backend Developer,Málaga,Software,18,False
478,Paula Fernández Martínez,QA Engineer,Lisboa,Manufacturing,20,False
479,Carlos Muñoz López,DevOps Engineer,Valencia,Manufacturing,11,False
480,Javier González Jiménez,AI Researcher,Madrid,Energy,6,True
481,Marta Ruiz Gómez,Cloud Architect,Sevilla,Software,1,False
482,Nuria Díaz Martínez,Cybersecurity Analyst,Dublin,AI,11,False
483,Carmen Rodríguez Muñoz,Cloud Architect,Amsterdam,Manufacturing,5,False
484,Marta Fernández Martin,Data Analyst,Lisboa,Energy,3,True
485,Irene Martínez Hernández,Backend Developer,Valencia,FinTech,10,False
486,Mario Muñoz García,Cybersecurity Analyst,Málaga,Cybersecurity,5,True
487,Carlos Jiménez Sánchez,Full-Stack Developer,Berlin,Energy,9,False
488,Pablo Rodríguez Fernández,Cybersecurity Analyst,Amsterdam,Real Estate,4,True
489,Álvaro García Díaz,Data Engineer,Valladolid,Real Estate,6,True
490,Ana Sánchez Martínez,Sales Engineer,Valladolid,FinTech,15,True
491,Diego Hernández Muñoz,AI Researcher,Murcia,FinTech,20,False
492,Carmen Martínez Ruiz,Cybersecurity Analyst,Porto,Consulting,14,True
493,Elena Moreno Moreno,Product Manager,Alicante,Energy,18,True
494,Lucía Rodríguez González,Sales Engineer,Porto,Cybersecurity,18,True
495,Sergio Fernández Hernández,Business Analyst,Milan,Cybersecurity,17,False
496,Hugo Alonso Pérez,AI Researcher,Valladolid,FinTech,12,False
497,Luis Álvarez Alonso,UX Designer,Amsterdam,EdTech,3,False
498,Javier Martínez Sánchez,Cloud Architect,Zaragoza,EdTech,1,False
499,Marta Díaz Sánchez,Business Analyst,Bilbao,Energy,10,False
500,Marta González Hernández,UX Designer,Paris,Media,8,False
501,Nuria García Gutiérrez,QA Engineer,Milan,Cybersecurity,3,False
502,Lucía López Alonso,QA Engineer,Amsterdam,HealthTech,3,False
503,Carlos Martin Romero,DevOps Engineer,Berlin,Energy,12,False
504,Hugo Alonso Gutiérrez,AI Researcher,Barcelona,Consulting,8,False
505,Lucía Gutiérrez Gutiérrez,Sales Engineer,Paris,Telecom,12,False
506,Pablo Fernández Muñoz,Product Manager,Porto,Software,10,False
507,Diego Gómez Muñoz,Business Analyst,Sevilla,Manufacturing,4,False
508,Nuria Jiménez Gómez,Consultant,Berlin,FinTech,6,False
509,Sofía Díaz Muñoz,Cloud Architect,Milan,Gaming,1,False
510,Javier González Martin,Consultant,Milan,AI,4,False
511,Paula García Martínez,Full-Stack Developer,Zaragoza,Telecom,7,True
512,Nuria Fernández Ruiz,Consultant,Zaragoza,Energy,11,False
513,Laura Hernández Rodríguez,Sales Engineer,Madrid,Manufacturing,11,False
514,Mario Moreno Martínez,Business Analyst,Dublin,Gaming,11,True
515,Elena González Martin,Data Analyst,Paris,Telecom,5,False
516,Sofía Pérez Pérez,Sales Engineer,Zaragoza,Energy,20,False
517,Laura García García,AI Researcher,Bilbao,Consulting,19,True
518,Pablo Gómez Gutiérrez,Cloud Architect,Valladolid,Energy,13,False
519,Álvaro Moreno Gómez,Full-Stack Developer,London,Logistics,16,False
520,Carmen Alonso Rodríguez,Data Analyst,Milan,Gaming,17,False
521,Mario Gutiérrez Martin,Product Manager,Sevilla,Real Estate,2,False
522,Elena Jiménez Gómez,Product Manager,Valladolid,Retail,4,False
523,Pablo Fernández Gutiérrez,Cybersecurity Analyst,Lisboa,EdTech,0,False
524,Hugo Martin Gómez,Cybersecurity Analyst,Paris,AI,1,False
525,Paula Sánchez Jiménez,Consultant,Alicante,Real Estate,11,False
526,Diego Martínez Romero,Backend Developer,Valladolid,HealthTech,15,True
527,Elena Romero Martínez,Sales Engineer,Lisboa,FinTech,7,False
528,Pablo Martin Díaz,Cloud Architect,Lisboa,Gaming,8,False
529,Diego Moreno Rodríguez,AI Researcher,Barcelona,FinTech,15,True
530,Laura Rodríguez Hernández,UX Designer,Valladolid,Cybersecurity,1,True
531,Lucía Sánchez Jiménez,Cybersecurity Analyst,Amsterdam,Biotech,4,False
532,Javier González Muñoz,DevOps Engineer,Málaga,Media,20,True
533,Ana Moreno Gómez,Full-Stack Developer,Málaga,Consulting,15,True
534,Lucía Gutiérrez Díaz,Sales Engineer,Berlin,AI,13,False
535,Carmen García Fernández,UX Designer,Zaragoza,Gaming,0,False
536,Laura Sánchez García,Sales Engineer,Madrid,Manufacturing,7,False
537,Álvaro Martin López,Data Engineer,Paris,Logistics,5,True
538,Luis Martin Martin,AI Researcher,Milan,Media,13,False
539,Lucía Jiménez Muñoz,DevOps Engineer,Zaragoza,Consulting,12,True
540,Pablo Pérez López,Full-Stack Developer,Madrid,Consulting,3,False
541,Luis Hernández Gómez,Cloud Architect,Rome,Telecom,19,True
542,Carlos García Fernández,Consultant,Sevilla,Cybersecurity,14,False
543,Carlos Romero Gómez,AI Researcher,Bilbao,Retail,20,True
544,Diego Díaz Rodríguez,Sales Engineer,Milan,Energy,19,False
545,Lucía Díaz Rodríguez,UX Designer,Brussels,HealthTech,9,True
546,Carlos Muñoz Sánchez,QA Engineer,Zaragoza,Energy,16,True
547,Álvaro Díaz Martin,Backend Developer,Barcelona,Real Estate,6,False
548,Hugo Jiménez Pérez,Data Analyst,Madrid,FinTech,3,False
549,Hugo López González,Cloud Architect,Milan,FinTech,3,False
550,Pablo Moreno Martin,Product Manager,London,Telecom,3,True
551,Luis Martin Ruiz,Cloud Architect,Lisboa,Cybersecurity,3,True
552,Luis García López,Sales Engineer,Málaga,Media,11,False
553,Mario Gómez González,DevOps Engineer,Lisboa,Consulting,3,False
554,Carmen Moreno Gómez,Business Analyst,Paris,Real Estate,13,False
555,Javier Rodríguez López,Consultant,Barcelona,Consulting,3,False
556,Paula Muñoz Alonso,Sales Engineer,London,Consulting,19,False
557,Álvaro Gutiérrez García,Business Analyst,Bilbao,Real Estate,15,True
558,Raúl Moreno Fernández,Data Engineer,Murcia,Media,0,False
559,Laura Alonso Alonso,Full-Stack Developer,Lisboa,HealthTech,13,False
560,Pablo Muñoz Ruiz,Sales Engineer,Paris,EdTech,17,False
561,Luis García Martínez,UX Designer,Dublin,Real Estate,5,True
562,Hugo Jiménez Pérez,DevOps Engineer,Murcia,Telecom,16,True
563,Sergio Hernández Hernández,Business Analyst,Alicante,FinTech,14,False
564,Paula Moreno González,Business Analyst,Dublin,Biotech,10,True
565,Hugo García Rodríguez,Cybersecurity Analyst,Berlin,Telecom,17,False
566,Ana González Gutiérrez,QA Engineer,Valladolid,Retail,20,False
567,Nuria Jiménez Ruiz,Business Analyst,Barcelona,Manufacturing,14,False
568,Sergio Gutiérrez Gutiérrez,AI Researcher,Porto,Biotech,3,True
569,Pablo García Jiménez,DevOps Engineer,Valladolid,Gaming,3,True
570,Javier Muñoz López,Business Analyst,Berlin,HealthTech,8,False
571,Sofía Sánchez Rodríguez,Business Analyst,Paris,Retail,14,True
572,Irene Rodríguez Díaz,Data Analyst,Amsterdam,HealthTech,14,False
573,Paula Álvarez López,AI Researcher,Madrid,Telecom,17,False
574,Paula Muñoz Álvarez,Cloud Architect,Málaga,Consulting,4,True
575,Carmen Gutiérrez Gutiérrez,DevOps Engineer,Milan,AI,13,False
576,Pablo Gómez Hernández,DevOps Engineer,Valladolid,Biotech,4,True
577,Raúl Gutiérrez Álvarez,Product Manager,Rome,Media,17,False
578,Sofía Sánchez Sánchez,QA Engineer,Valladolid,Gaming,4,False
579,Javier Álvarez Romero,Consultant,Lisboa,HealthTech,11,False
580,Hugo Alonso Alonso,Sales Engineer,Berlin,Logistics,13,True
581,Laura Rodríguez García,Cybersecurity Analyst,Bilbao,Telecom,1,True
582,Elena Martínez Martin,Sales Engineer,Murcia,EdTech,1,False
583,Diego Sánchez Romero,Data Analyst,Porto,Biotech,3,False
584,Sergio Pérez Romero,Cybersecurity Analyst,Alicante,Logistics,1,False
585,Carmen Díaz Jiménez,UX Designer,Barcelona,Software,8,True
586,Mario Moreno Pérez,Sales Engineer,Porto,Retail,6,False
587,Nuria Martínez González,Backend Developer,Málaga,HealthTech,12,True
588,Raúl Gómez Romero,Product Manager,Bilbao,Consulting,18,False
589,Ana Jiménez Moreno,Consultant,Bilbao,Telecom,4,False
590,Mario Fernández Gutiérrez,Business Analyst,Valladolid,Real Estate,18,False
591,Álvaro González Jiménez,UX Designer,Alicante,Consulting,16,True
592,Laura Martínez Díaz,UX Designer,Rome,AI,2,False
593,Pablo Sánchez Jiménez,DevOps Engineer,Porto,Logistics,6,False
594,Laura Muñoz Romero,Business Analyst,Madrid,HealthTech,11,False
595,Pablo Gutiérrez Gutiérrez,Full-Stack Developer,Barcelona,Media,12,True
596,Carmen Gómez Romero,Consultant,Valladolid,Software,16,False
597,Laura Álvarez Moreno,AI Researcher,Barcelona,Logistics,20,True
598,Irene Álvarez González,Data Engineer,Málaga,Software,20,True
599,Sofía Sánchez Díaz,Business Analyst,Sevilla,Retail,17,False
600,Raúl González López,Data Analyst,London,Media,1,True
601,Marta Fernández Martínez,Cloud Architect,Murcia,FinTech,18,True
602,Elena Díaz Hernández,AI Researcher,Paris,Cybersecurity,10,True
603,Carmen Rodríguez Romero,Data Analyst,Brussels,FinTech,18,True
604,Marta Ruiz Álvarez,Data Engineer,Valladolid,Logistics,19,True
605,Diego Moreno Hernández,Cybersecurity Analyst,Madrid,Real Estate,5,False
606,Pablo López Hernández,Cloud Architect,Rome,Logistics,20,True
607,Diego Ruiz García,UX Designer,Rome,EdTech,3,True
608,Ana Alonso Gutiérrez,Cybersecurity Analyst,Rome,FinTech,9,True
609,Álvaro Sánchez Díaz,Sales Engineer,Milan,EdTech,5,True
610,Pablo Gutiérrez Gómez,Full-Stack Developer,Sevilla,Consulting,18,True
611,Sergio Moreno Romero,Data Engineer,Valladolid,FinTech,8,True
612,Sofía Alonso Muñoz,DevOps Engineer,Porto,EdTech,20,True
613,Carlos Martin Gutiérrez,Data Engineer,Zaragoza,Media,15,False
614,Irene Gutiérrez Martin,Consultant,Amsterdam,EdTech,18,False
615,Álvaro Jiménez Díaz,Backend Developer,Madrid,Media,7,True
616,Raúl Gómez Ruiz,Backend Developer,Lisboa,Real Estate,14,False
617,Álvaro Martin Muñoz,UX Designer,Sevilla,Consulting,20,False
618,Marta Gómez López,UX Designer,Zaragoza,Energy,20,True
619,Marta García Álvarez,Sales Engineer,Madrid,AI,18,True
620,Luis Romero Gómez,UX Designer,Rome,Real Estate,20,True
621,Álvaro Hernández Pérez,Cloud Architect,Amsterdam,Logistics,4,False
622,Laura Álvarez González,Cybersecurity Analyst,Porto,Software,7,False
623,Javier Álvarez López,AI Researcher,Málaga,Consulting,18,False
624,Lucía Muñoz Ruiz,Data Analyst,Alicante,Real Estate,7,True
625,Elena Ruiz Pérez,Data Analyst,Zaragoza,Gaming,12,False
626,Nuria Fernández Fernández,Sales Engineer,Lisboa,HealthTech,16,False
627,Elena Gómez Alonso,UX Designer,Amsterdam,Consulting,12,False
628,Carmen Ruiz Alonso,Sales Engineer,Valencia,Energy,12,True
629,Laura Hernández Ruiz,Business Analyst,Porto,Real Estate,15,False
630,Ana Álvarez López,AI Researcher,Málaga,Manufacturing,2,False
631,Elena Sánchez López,Backend Developer,Málaga,Gaming,19,False
632,Carlos Pérez Díaz,Cloud Architect,Lisboa,HealthTech,15,False
633,Hugo Muñoz Sánchez,QA Engineer,Málaga,Cybersecurity,0,True
634,Luis López Alonso,QA Engineer,Málaga,EdTech,20,False
635,Luis Alonso López,Data Analyst,Málaga,Energy,5,False
636,Carmen Gutiérrez Alonso,Sales Engineer,Madrid,Logistics,2,True
637,Nuria Gutiérrez Muñoz,Business Analyst,Dublin,Consulting,7,False
638,Mario López Alonso,Business Analyst,Málaga,Energy,5,False
639,Irene Moreno Gutiérrez,QA Engineer,Valencia,Manufacturing,12,False
640,Lucía Rodríguez García,Full-Stack Developer,Milan,Cybersecurity,4,False
641,Carlos Martínez Muñoz,QA Engineer,Brussels,Telecom,17,False
642,Carlos González Muñoz,Sales Engineer,Bilbao,Software,20,False
643,Laura Díaz Ruiz,Business Analyst,Barcelona,Cybersecurity,7,False
644,Carmen Ruiz Alonso,Cloud Architect,Amsterdam,HealthTech,13,True
645,Elena Muñoz Pérez,Business Analyst,Valencia,Logistics,19,False
646,Raúl Gómez Sánchez,Data Analyst,Madrid,HealthTech,16,True
647,Carmen Sánchez Jiménez,Cybersecurity Analyst,Porto,HealthTech,4,False
648,Paula Gómez Gómez,Business Analyst,Rome,Cybersecurity,18,False
649,Mario Gómez Hernández,Cloud Architect,Zaragoza,Cybersecurity,17,False
650,Hugo Martínez Ruiz,UX Designer,Rome,Real Estate,8,False
651,Paula Ruiz Hernández,Consultant,Bilbao,HealthTech,7,False
652,Javier Rodríguez Sánchez,UX Designer,Paris,Media,17,False
653,Luis Martínez Hernández,Sales Engineer,Madrid,FinTech,4,False
654,Mario Díaz González,Data Engineer,Murcia,Manufacturing,11,True
655,Mario Fernández Hernández,Cybersecurity Analyst,Brussels,Logistics,19,True
656,Javier Muñoz Moreno,Data Analyst,Zaragoza,Logistics,6,True
657,Mario Álvarez Álvarez,Consultant,Alicante,Consulting,1,False
658,Pablo García Martínez,Data Engineer,Murcia,AI,11,False
659,Carmen Hernández Alonso,Full-Stack Developer,Milan,Software,2,True
660,Sergio Martin Romero,QA Engineer,Porto,Gaming,8,True
661,Mario Sánchez Moreno,Cybersecurity Analyst,Amsterdam,Software,8,True
662,Raúl Álvarez Rodríguez,UX Designer,Valencia,Logistics,10,True
663,Laura Gómez Romero,Business Analyst,Amsterdam,Energy,14,False
664,Paula Muñoz Pérez,Cloud Architect,Lisboa,Biotech,14,False
665,Ana Muñoz Rodríguez,Product Manager,Valencia,AI,20,True
666,Pablo Jiménez Díaz,DevOps Engineer,Milan,Software,8,True
667,Diego González Hernández,Sales Engineer,Lisboa,FinTech,17,True
668,Hugo Jiménez Ruiz,Full-Stack Developer,Amsterdam,Energy,5,False
669,Sofía Muñoz Sánchez,Full-Stack Developer,Alicante,Energy,6,True
670,Sofía Pérez Gutiérrez,DevOps Engineer,Bilbao,HealthTech,3,True
671,Hugo Gutiérrez García,Cloud Architect,Rome,Telecom,15,False
672,Mario Jiménez Muñoz,QA Engineer,Murcia,Real Estate,5,False
673,Elena Hernández Pérez,Cloud Architect,Amsterdam,EdTech,1,False
674,Raúl Muñoz Romero,Data Analyst,Milan,Gaming,12,False
675,Javier Moreno Rodríguez,Consultant,Milan,Biotech,10,False
676,Ana García Sánchez,Cybersecurity Analyst,Amsterdam,HealthTech,10,False
677,Mario Gómez Martínez,UX Designer,Murcia,Manufacturing,8,False
678,Mario Jiménez Ruiz,Backend Developer,Dublin,Cybersecurity,6,False
679,Álvaro Ruiz Hernández,Product Manager,London,Consulting,18,True
680,Paula Pérez Rodríguez,Consultant,Murcia,Manufacturing,17,False
681,Carmen Sánchez López,Cloud Architect,Bilbao,Real Estate,0,True
682,Raúl Muñoz López,Business Analyst,Milan,Media,15,False
683,Elena Romero Alonso,Data Analyst,Paris,HealthTech,5,True
684,Sofía Gómez Muñoz,Business Analyst,Sevilla,Biotech,10,False
685,Álvaro Ruiz Romero,UX Designer,Murcia,Gaming,0,False
686,Carlos Ruiz Gutiérrez,Full-Stack Developer,Amsterdam,Consulting,9,False
687,Irene Álvarez Muñoz,Cloud Architect,London,FinTech,12,False
688,Diego Moreno López,Business Analyst,Málaga,Media,13,False
689,Mario Alonso Hernández,Business Analyst,Valencia,FinTech,5,False
690,Pablo Jiménez Jiménez,Sales Engineer,Valladolid,Energy,19,False
691,Carmen Gómez Moreno,Cloud Architect,Porto,Biotech,13,True
692,Javier García López,Consultant,Alicante,Energy,2,True
693,Javier Hernández Rodríguez,Data Engineer,Valencia,Real Estate,17,True
694,Ana Hernández Álvarez,Cloud Architect,Valencia,HealthTech,8,False
695,Lucía González Hernández,Product Manager,Alicante,Manufacturing,9,False
696,Lucía López Álvarez,Business Analyst,Málaga,Software,1,False
697,Álvaro Jiménez Muñoz,AI Researcher,Rome,Energy,17,False
698,Lucía Romero Martínez,QA Engineer,Brussels,Biotech,20,False
699,Paula Díaz Álvarez,Sales Engineer,Rome,Logistics,11,False
700,Sergio Pérez González,AI Researcher,Valladolid,Gaming,13,False
701,Lucía Martin García,Data Analyst,Milan,EdTech,11,False
702,Hugo Romero García,Consultant,Dublin,Real Estate,9,True
703,Raúl Martin Gutiérrez,Full-Stack Developer,Madrid,Gaming,6,False
704,Sergio Díaz Hernández,Full-Stack Developer,Málaga,AI,12,True
705,Elena González Díaz,Sales Engineer,Alicante,Energy,9,False
706,Sergio Gómez Díaz,Full-Stack Developer,Valencia,Consulting,4,False
707,Carlos Moreno Gutiérrez,AI Researcher,Murcia,Real Estate,6,False
708,Ana López Fernández,UX Designer,Madrid,Consulting,3,False
709,Elena López Moreno,Consultant,Madrid,Manufacturing,2,True
710,Ana Muñoz Sánchez,DevOps Engineer,Berlin,Logistics,15,False
711,Nuria Fernández Jiménez,Data Engineer,Bilbao,Telecom,8,False
712,Marta Romero Muñoz,Backend Developer,Zaragoza,Energy,12,True
713,Carlos Pérez Hernández,Cloud Architect,London,Manufacturing,1,True
714,Nuria Rodríguez Álvarez,Sales Engineer,Zaragoza,Real Estate,12,False
715,Diego Jiménez Martínez,Sales Engineer,Barcelona,HealthTech,8,False
716,Diego Sánchez Ruiz,Data Analyst,Zaragoza,HealthTech,7,False
717,Raúl Jiménez García,Backend Developer,Murcia,HealthTech,12,True
718,Ana Fernández Alonso,Cloud Architect,Dublin,EdTech,11,True
719,Pablo Martínez Muñoz,Data Engineer,Brussels,Media,20,True
720,Luis Ruiz López,Consultant,Rome,HealthTech,4,False
721,Pablo Jiménez Romero,Cloud Architect,Porto,Biotech,6,True
722,Carmen Ruiz López,Product Manager,Barcelona,Real Estate,14,False
723,Diego Romero Muñoz,Full-Stack Developer,Amsterdam,Consulting,17,False
724,Irene Moreno Gómez,Business Analyst,Brussels,Consulting,2,False
725,Lucía Moreno Martin,Business Analyst,Murcia,Gaming,14,True
726,Laura Hernández Martínez,Data Analyst,Brussels,Gaming,19,True
727,Irene González Romero,Business Analyst,Paris,Retail,16,False
728,Hugo Romero López,QA Engineer,Valladolid,Media,13,False
729,Irene Rodríguez Rodríguez,UX Designer,Valencia,Telecom,4,True
730,Luis Sánchez Rodríguez,AI Researcher,Zaragoza,HealthTech,1,False
731,Carmen Muñoz Álvarez,QA Engineer,Amsterdam,Energy,1,False
732,Pablo Gutiérrez González,Data Analyst,Zaragoza,Real Estate,2,False
733,Luis Ruiz Romero,Consultant,Berlin,Gaming,1,False
734,Elena Álvarez Fernández,Consultant,Valencia,Logistics,2,True
735,Laura Rodríguez Rodríguez,Consultant,Alicante,AI,6,True
736,Laura Pérez Alonso,Sales Engineer,Málaga,Cybersecurity,3,False
737,Paula Ruiz Moreno,Consultant,Berlin,HealthTech,5,True
738,Sergio Hernández Álvarez,DevOps Engineer,Málaga,Biotech,11,False
739,Sergio Jiménez Ruiz,Cybersecurity Analyst,Berlin,Media,19,True
740,Paula Romero Sánchez,Cybersecurity Analyst,Rome,Energy,11,False
741,Nuria Hernández García,Consultant,Barcelona,Logistics,19,True
742,Laura López Martin,Data Analyst,Valladolid,Manufacturing,6,False
743,Ana Gómez Romero,UX Designer,Rome,EdTech,3,True
744,Nuria Ruiz López,Backend Developer,Murcia,Gaming,18,True
745,Pablo Gómez Martin,Data Engineer,Amsterdam,AI,18,True
746,Marta Jiménez Muñoz,Backend Developer,Dublin,HealthTech,19,False
747,Diego Fernández Alonso,Cybersecurity Analyst,Valencia,Telecom,10,False
748,Raúl Díaz Rodríguez,Business Analyst,Alicante,Software,20,False
749,Carmen Fernández Martin,UX Designer,Barcelona,Media,17,False
750,Lucía Jiménez Álvarez,Consultant,Alicante,EdTech,1,False
751,Carmen Moreno Gutiérrez,QA Engineer,Milan,FinTech,7,False
752,Diego Hernández López,Backend Developer,Lisboa,FinTech,15,False
753,Luis Romero Hernández,Product Manager,Valencia,AI,16,False
754,Lucía López Muñoz,UX Designer,Zaragoza,Real Estate,12,False
755,Paula Sánchez Romero,QA Engineer,Milan,Manufacturing,7,True
756,Elena Díaz Jiménez,Sales Engineer,Amsterdam,FinTech,3,False
757,Raúl Díaz Ruiz,DevOps Engineer,Zaragoza,Media,11,False
758,Ana Martin Martínez,DevOps Engineer,Brussels,Biotech,19,True
759,Nuria Fernández Pérez,Full-Stack Developer,Porto,EdTech,2,True
760,Luis Pérez Gutiérrez,Backend Developer,Valladolid,Software,10,False
761,Carlos Martin Moreno,AI Researcher,Madrid,Media,6,False
762,Sergio Sánchez Sánchez,UX Designer,Milan,Energy,17,False
763,Mario López García,Cybersecurity Analyst,Amsterdam,Telecom,8,True
764,Luis Martin Sánchez,Cloud Architect,Brussels,Energy,1,False
765,Ana González Hernández,Sales Engineer,Murcia,Gaming,3,True
766,Diego Hernández Pérez,Cybersecurity Analyst,Milan,HealthTech,10,False
767,Mario Romero González,Backend Developer,Zaragoza,Biotech,17,False
768,Ana Fernández Pérez,UX Designer,Valladolid,Media,15,False
769,Javier García Ruiz,Sales Engineer,Porto,Gaming,20,False
770,Pablo Álvarez Gómez,Cloud Architect,Barcelona,Energy,12,True
771,Sergio Gómez Pérez,Backend Developer,Lisboa,AI,4,True
772,Carmen Álvarez Gutiérrez,Business Analyst,Alicante,Cybersecurity,7,False
773,Lucía Díaz Martin,QA Engineer,Lisboa,Biotech,17,True
774,Sofía López Alonso,UX Designer,Zaragoza,EdTech,9,False
775,Laura López Díaz,Cloud Architect,Bilbao,Consulting,10,True
776,Sergio Romero Rodríguez,Backend Developer,Lisboa,EdTech,0,False
777,Raúl Díaz Martin,AI Researcher,Murcia,EdTech,6,True
778,Lucía Martínez García,Cloud Architect,Brussels,Energy,19,False
779,Mario Pérez Gutiérrez,Full-Stack Developer,Alicante,Software,11,True
780,Hugo López Álvarez,Business Analyst,Brussels,Real Estate,20,False
781,Javier Hernández Muñoz,AI Researcher,Bilbao,Consulting,6,True
782,Luis Díaz García,Product Manager,Berlin,Manufacturing,6,True
783,Marta Martínez Moreno,Business Analyst,Brussels,Real Estate,10,False
784,Pablo Díaz Hernández,Cloud Architect,Barcelona,AI,10,False
785,Mario Alonso Gutiérrez,UX Designer,Milan,Telecom,16,True
786,Nuria Moreno Fernández,Full-Stack Developer,Milan,AI,1,False
787,Carmen Álvarez Fernández,Full-Stack Developer,Valladolid,Biotech,12,False
788,Diego Moreno Martínez,Cybersecurity Analyst,Valladolid,Telecom,16,True
789,Nuria Moreno González,Consultant,Milan,HealthTech,5,False
790,Sergio López Hernández,Cybersecurity Analyst,Lisboa,Biotech,0,True
791,Nuria Alonso Sánchez,AI Researcher,Valencia,Energy,10,False
792,Javier Rodríguez González,Data Engineer,London,Gaming,2,False
793,Carmen Álvarez Gutiérrez,Backend Developer,Paris,AI,1,True
794,Irene Alonso López,Backend Developer,Bilbao,Consulting,1,False
795,Diego Martin Moreno,Product Manager,Málaga,HealthTech,4,True
796,Ana Gutiérrez Gómez,Data Analyst,London,Real Estate,15,False
797,Ana Gutiérrez Muñoz,Full-Stack Developer,Zaragoza,Real Estate,14,False
798,Nuria González Gutiérrez,QA Engineer,Madrid,Manufacturing,17,False
799,Mario Romero Sánchez,Data Analyst,Málaga,EdTech,1,False
800,Álvaro Fernández López,Business Analyst,Barcelona,Logistics,10,True
801,Luis Rodríguez Díaz,Backend Developer,Málaga,Logistics,19,False
802,Mario Alonso Romero,Backend Developer,London,Gaming,1,True
803,Diego Jiménez Ruiz,Cybersecurity Analyst,Valencia,Cybersecurity,17,True
804,Diego Muñoz López,Data Engineer,Murcia,Media,16,False
805,Laura Sánchez Sánchez,QA Engineer,Barcelona,HealthTech,18,False
806,Laura González Muñoz,Consultant,Brussels,Logistics,13,False
807,Irene Gómez Álvarez,QA Engineer,Brussels,Gaming,4,False
808,Paula Muñoz Álvarez,Consultant,Dublin,Real Estate,5,False
809,Pablo Martin Sánchez,Data Analyst,Sevilla,Software,14,False
810,Carlos Sánchez Gutiérrez,Cybersecurity Analyst,Berlin,Telecom,10,False
811,Sergio Sánchez García,Sales Engineer,Zaragoza,Logistics,8,True
812,Diego Martin Álvarez,UX Designer,Lisboa,Software,3,False
813,Irene Jiménez Hernández,Consultant,Amsterdam,Software,5,True
814,Irene Jiménez Muñoz,AI Researcher,Barcelona,EdTech,15,True
815,Nuria Romero Jiménez,AI Researcher,Berlin,Telecom,16,False
816,Paula Jiménez Romero,UX Designer,Madrid,Retail,18,False
817,Irene Ruiz González,Backend Developer,Murcia,Software,10,False
818,Sergio Martínez Alonso,QA Engineer,Paris,Consulting,19,True
819,Diego Jiménez Fernández,Product Manager,Berlin,FinTech,15,True
820,Álvaro Moreno Martin,Full-Stack Developer,Milan,Logistics,5,True
821,Álvaro Fernández Sánchez,Data Engineer,London,Software,15,False
822,Lucía Sánchez Jiménez,AI Researcher,Milan,Logistics,10,True
823,Carlos Álvarez López,Full-Stack Developer,Barcelona,Biotech,12,False
824,Laura Rodríguez García,Product Manager,Barcelona,FinTech,10,False
825,Luis Rodríguez Álvarez,Cloud Architect,Valladolid,Software,18,False
826,Sofía Jiménez Sánchez,Full-Stack Developer,Valladolid,Energy,17,False
827,Nuria Rodríguez Gómez,Backend Developer,Málaga,Energy,3,True
828,Mario Romero Álvarez,Data Engineer,Zaragoza,Gaming,17,False
829,Elena López Martin,QA Engineer,Alicante,Consulting,2,False
830,Mario Jiménez Romero,AI Researcher,Barcelona,EdTech,0,False
831,Luis Rodríguez Hernández,Data Analyst,Valencia,Cybersecurity,12,True
832,Mario Alonso Moreno,QA Engineer,Porto,Logistics,10,True
833,Sergio González Moreno,QA Engineer,Bilbao,FinTech,14,True
834,Nuria Martin Moreno,AI Researcher,Alicante,Manufacturing,4,False
835,Elena Ruiz Hernández,Backend Developer,Lisboa,Media,14,False
836,Ana González Muñoz,Data Engineer,Porto,Real Estate,14,True
837,Diego Ruiz Gutiérrez,QA Engineer,Bilbao,HealthTech,12,False
838,Carlos Jiménez Romero,Sales Engineer,Valencia,Logistics,17,False
839,Carmen Alonso Díaz,Full-Stack Developer,Brussels,Manufacturing,17,True
840,Hugo Hernández González,DevOps Engineer,Zaragoza,Cybersecurity,13,False
841,Irene Romero Pérez,Backend Developer,Valencia,Real Estate,3,False
842,Mario Moreno Jiménez,UX Designer,Sevilla,Biotech,5,False
843,Carmen González Gutiérrez,Data Engineer,Brussels,AI,10,False
844,Luis González Sánchez,Business Analyst,Bilbao,Software,4,False
845,Lucía Moreno Romero,Product Manager,Paris,Biotech,6,True
846,Irene Martin Alonso,Cloud Architect,Valladolid,Cybersecurity,11,True
847,Paula García Gutiérrez,UX Designer,Paris,EdTech,9,True
848,Álvaro Romero Fernández,Data Analyst,Rome,Gaming,3,False
849,Ana Pérez Díaz,Consultant,Amsterdam,AI,20,False
850,Carmen Hernández Hernández,Cybersecurity Analyst,Rome,Retail,5,False
851,Lucía Sánchez Romero,Cybersecurity Analyst,Porto,Cybersecurity,4,False
852,Lucía López García,Data Engineer,Madrid,EdTech,15,False
853,Raúl López González,Backend Developer,Berlin,Biotech,19,False
854,Mario Martínez Moreno,UX Designer,Berlin,Biotech,12,False
855,Pablo Martínez Díaz,QA Engineer,Madrid,Real Estate,7,False
856,Laura Gómez Díaz,UX Designer,Amsterdam,Gaming,1,True
857,Paula Muñoz Ruiz,Data Engineer,Amsterdam,Real Estate,2,True
858,Laura Gómez Moreno,UX Designer,Valencia,FinTech,7,False
859,Marta Romero Alonso,Product Manager,Brussels,Telecom,10,False
860,Ana Muñoz Moreno,UX Designer,Dublin,Media,13,False
861,Diego Martin Martínez,Data Analyst,Brussels,Logistics,18,False
862,Luis Muñoz Alonso,Backend Developer,Amsterdam,Telecom,9,False
863,Mario García Martin,AI Researcher,Valencia,EdTech,16,True
864,Elena Gómez López,QA Engineer,Murcia,Energy,8,True
865,Carlos Gutiérrez Martínez,QA Engineer,Bilbao,Biotech,11,True
866,Elena Pérez Muñoz,Backend Developer,Milan,Telecom,10,True
867,Lucía Gutiérrez López,Business Analyst,Dublin,Cybersecurity,12,True
868,Nuria Martínez Sánchez,QA Engineer,Porto,Telecom,20,False
869,Carlos Fernández Martínez,AI Researcher,Paris,Real Estate,9,False
870,Sergio Pérez Hernández,Sales Engineer,Paris,Real Estate,8,True
871,Laura Díaz García,Product Manager,London,AI,10,False
872,Luis Rodríguez Romero,Sales Engineer,Porto,Cybersecurity,19,False
873,Elena Jiménez Gómez,Product Manager,Sevilla,Energy,20,False
874,Carmen Moreno Pérez,Consultant,Amsterdam,Retail,16,False
875,Javier Jiménez Romero,Data Analyst,Madrid,FinTech,0,False
876,Carlos Álvarez Rodríguez,Sales Engineer,London,Gaming,7,False
877,Diego Gómez Sánchez,Data Analyst,Madrid,FinTech,1,False
878,Sofía Gutiérrez Rodríguez,Consultant,Sevilla,FinTech,19,True
879,Carmen Alonso Martínez,Data Engineer,Málaga,Energy,9,False
880,Marta Moreno Gómez,Cloud Architect,Berlin,Media,8,True
881,Marta Gómez Fernández,Cybersecurity Analyst,Paris,Media,1,False
882,Elena Martínez Moreno,Data Engineer,Dublin,Retail,19,False
883,Javier Muñoz Rodríguez,Backend Developer,Rome,Cybersecurity,6,False
884,Carlos Moreno Gómez,Data Engineer,Barcelona,FinTech,2,False
885,Elena Moreno García,AI Researcher,Bilbao,Software,1,False
886,Carmen Gómez López,Consultant,Lisboa,AI,18,True
887,Laura Muñoz Muñoz,Cybersecurity Analyst,Paris,FinTech,17,True
888,Ana Hernández Muñoz,Data Engineer,Amsterdam,Gaming,10,False
889,Diego Hernández Fernández,Sales Engineer,Valencia,Gaming,17,False
890,Marta Moreno Martin,Sales Engineer,Zaragoza,Consulting,17,True
891,Carmen Sánchez Martin,Consultant,Paris,HealthTech,20,False
892,Álvaro Muñoz González,Sales Engineer,London,Retail,4,True
893,Sofía García Alonso,Full-Stack Developer,Dublin,AI,2,False
894,Diego Muñoz Romero,Business Analyst,London,Software,1,False
895,Luis Jiménez Fernández,Cybersecurity Analyst,Sevilla,Retail,20,False
896,Laura Moreno Romero,Backend Developer,Amsterdam,Manufacturing,2,True
897,Lucía Muñoz García,AI Researcher,Brussels,Telecom,7,False
898,Lucía García Martínez,Sales Engineer,Barcelona,Logistics,3,False
899,Mario Martínez Alonso,Data Engineer,Sevilla,HealthTech,15,False
900,Mario Pérez González,Cloud Architect,Zaragoza,Cybersecurity,10,False
901,Carmen Jiménez Rodríguez,Sales Engineer,Amsterdam,EdTech,10,True
902,Luis Alonso Martínez,DevOps Engineer,Valencia,HealthTech,8,True
903,Raúl Martínez Ruiz,UX Designer,Málaga,Biotech,7,False
904,Luis López Rodríguez,Cloud Architect,Brussels,AI,5,True
905,Hugo González García,Data Analyst,Málaga,FinTech,20,False
906,Diego Díaz Muñoz,Consultant,Bilbao,Retail,4,False
907,Elena Álvarez Moreno,Cybersecurity Analyst,Alicante,Consulting,19,False
908,Luis Gutiérrez Martínez,Consultant,Dublin,FinTech,20,False
909,Álvaro Díaz García,UX Designer,Alicante,Retail,3,False
910,Carlos Gutiérrez Ruiz,Business Analyst,Rome,Manufacturing,14,False
911,Sofía Gómez Fernández,Full-Stack Developer,Sevilla,EdTech,15,False
912,Javier Martínez Fernández,Data Analyst,Porto,Logistics,6,False
913,Elena Jiménez Gutiérrez,Cloud Architect,London,Telecom,3,False
914,Luis Romero Martínez,Backend Developer,Madrid,Real Estate,16,True
915,Marta Pérez Moreno,QA Engineer,Amsterdam,Media,13,True
916,Irene Pérez Rodríguez,DevOps Engineer,Alicante,HealthTech,7,False
917,Raúl Sánchez Hernández,Full-Stack Developer,Valencia,Real Estate,18,False
918,Luis Díaz López,Full-Stack Developer,Brussels,Biotech,5,False
919,Álvaro López Moreno,Consultant,Zaragoza,Gaming,8,True
920,Irene López Fernández,Consultant,Amsterdam,Telecom,8,True
921,Carlos Moreno Moreno,Cybersecurity Analyst,Málaga,Media,7,False
922,Mario Martínez Gutiérrez,Backend Developer,Amsterdam,Manufacturing,2,False
923,Laura Muñoz Sánchez,QA Engineer,Dublin,Biotech,8,True
924,Raúl Pérez Pérez,DevOps Engineer,Berlin,Manufacturing,18,True
925,Paula García Díaz,Data Analyst,Barcelona,Real Estate,16,True
926,Raúl Álvarez Hernández,AI Researcher,Sevilla,Biotech,15,True
927,Marta Romero García,Consultant,Berlin,Retail,4,False
928,Diego Pérez González,Data Analyst,Dublin,Logistics,5,False
929,Nuria Alonso Alonso,Data Analyst,London,Biotech,4,False
930,Carmen Martínez Ruiz,Sales Engineer,London,Software,20,True
931,Carmen Jiménez Álvarez,Data Analyst,Valladolid,Cybersecurity,8,False
932,Mario Romero Alonso,Cloud Architect,Zaragoza,FinTech,19,False
933,Luis Álvarez Ruiz,Data Analyst,Sevilla,AI,11,False
934,Mario Fernández Ruiz,DevOps Engineer,Málaga,FinTech,17,False
935,Sofía López Jiménez,Full-Stack Developer,Rome,HealthTech,20,False
936,Paula Sánchez Pérez,DevOps Engineer,Porto,Energy,16,False
937,Raúl Gómez Fernández,Data Engineer,Porto,Gaming,14,False
938,Laura Álvarez Rodríguez,AI Researcher,Rome,Logistics,14,False
939,Álvaro González Sánchez,AI Researcher,Valencia,FinTech,12,True
940,Diego González Rodríguez,Backend Developer,Murcia,HealthTech,4,False
941,Lucía Sánchez Álvarez,Sales Engineer,Madrid,Logistics,13,False
942,Sergio López Muñoz,DevOps Engineer,Berlin,Biotech,20,True
943,Diego Sánchez González,Data Analyst,Alicante,Media,13,False
944,Irene Jiménez Muñoz,QA Engineer,Milan,Biotech,14,False
945,Paula López Martin,Backend Developer,Murcia,Manufacturing,15,False
946,Diego Fernández López,DevOps Engineer,Valladolid,Biotech,5,False
947,Javier Romero Martin,Backend Developer,Málaga,EdTech,5,True
948,Carlos Fernández Jiménez,QA Engineer,Bilbao,Biotech,8,False
949,Javier Sánchez Romero,Consultant,Barcelona,Media,11,True
950,Álvaro Moreno Romero,Backend Developer,Rome,Logistics,3,True
951,Carmen Muñoz López,AI Researcher,Lisboa,EdTech,0,False
952,Sergio Álvarez Jiménez,Sales Engineer,Valladolid,Real Estate,9,False
953,Lucía Alonso Moreno,DevOps Engineer,Sevilla,Real Estate,1,True
954,Sergio Rodríguez Martin,Data Analyst,Paris,Manufacturing,14,False
955,Marta Jiménez Fernández,QA Engineer,Zaragoza,Manufacturing,8,True
956,Ana González Romero,Business Analyst,London,FinTech,16,False
957,Sofía Muñoz Jiménez,QA Engineer,Brussels,Telecom,11,False
958,Lucía Díaz Ruiz,Cybersecurity Analyst,Porto,Software,9,False
959,Álvaro Martin Moreno,Business Analyst,Rome,FinTech,6,False
960,Nuria Díaz Moreno,Product Manager,Málaga,Cybersecurity,13,True
961,Paula Gutiérrez González,Backend Developer,Zaragoza,Logistics,15,False
962,Irene González Alonso,Cloud Architect,Paris,FinTech,0,False
963,Elena Díaz Martínez,UX Designer,London,EdTech,6,True
964,Carmen Martin Romero,AI Researcher,Barcelona,Logistics,18,False
965,Hugo Romero Moreno,Full-Stack Developer,Madrid,Software,4,False
966,Diego Muñoz Rodríguez,Sales Engineer,Valladolid,Cybersecurity,5,False
967,Pablo García Rodríguez,Cloud Architect,Murcia,Real Estate,2,False
968,Álvaro Alonso Muñoz,QA Engineer,Berlin,Energy,20,False
969,Hugo Rodríguez Ruiz,UX Designer,Amsterdam,Software,8,True
970,Paula Fernández López,DevOps Engineer,London,EdTech,11,True
971,Luis Gómez Ruiz,Cybersecurity Analyst,Porto,Telecom,9,False
972,Laura González Álvarez,Full-Stack Developer,Málaga,HealthTech,19,True
973,Sergio Jiménez Jiménez,Business Analyst,Valladolid,Energy,11,True
974,Sergio Alonso Ruiz,Business Analyst,Bilbao,Software,4,False
975,Diego Ruiz Muñoz,Cybersecurity Analyst,Lisboa,Consulting,3,True
976,Lucía Álvarez Pérez,Business Analyst,Zaragoza,HealthTech,13,False
977,Marta Rodríguez López,Data Analyst,Dublin,Gaming,9,False
978,Álvaro López Moreno,QA Engineer,Milan,Media,5,False
979,Diego García Rodríguez,Full-Stack Developer,Bilbao,EdTech,7,False
980,Lucía Sánchez López,Data Engineer,Berlin,HealthTech,2,True
981,Hugo Díaz Fernández,Full-Stack Developer,Sevilla,Telecom,16,False
982,Luis Muñoz Rodríguez,Product Manager,Barcelona,FinTech,9,False
983,Ana Rodríguez Rodríguez,QA Engineer,Zaragoza,Retail,5,False
984,Álvaro García González,Backend Developer,Murcia,Gaming,11,True
985,Laura Gutiérrez Pérez,UX Designer,Amsterdam,FinTech,3,False
986,Ana Álvarez Sánchez,Consultant,Zaragoza,Logistics,5,False
987,Ana Rodríguez Sánchez,UX Designer,Dublin,Gaming,18,True
988,Nuria Rodríguez Martínez,Business Analyst,Porto,AI,13,True
989,Laura Pérez Díaz,Data Engineer,Lisboa,HealthTech,14,True
990,Laura López Muñoz,Cloud Architect,Porto,Logistics,17,False
991,Luis González Jiménez,AI Researcher,Sevilla,AI,9,False
992,Mario Martin Moreno,Full-Stack Developer,Rome,Cybersecurity,9,False
993,Sofía González Muñoz,Sales Engineer,Porto,Consulting,0,False
994,Hugo Rodríguez Hernández,AI Researcher,Milan,FinTech,3,True
995,Carmen Hernández Alonso,Data Engineer,Málaga,FinTech,11,True
996,Irene Sánchez Gutiérrez,Business Analyst,Paris,HealthTech,7,False
997,Hugo Gómez Alonso,QA Engineer,Murcia,AI,11,False
998,Mario Hernández Muñoz,UX Designer,Murcia,EdTech,14,True
999,Carlos Gómez Muñoz,AI Researcher,Alicante,EdTech,0,True
1000,Luis González Muñoz,Sales Engineer,Madrid,Consulting,12,False
1001,Irene López Martin,QA Engineer,Brussels,HealthTech,2,False
1002,Laura Muñoz Moreno,Full-Stack Developer,Valladolid,Real Estate,15,False
1003,Elena Romero Jiménez,Cloud Architect,Rome,Software,1,False
1004,Carlos Hernández Moreno,DevOps Engineer,Paris,Biotech,14,True
1005,Luis Martínez Romero,Sales Engineer,Valladolid,Consulting,15,False
1006,Lucía Martin Hernández,AI Researcher,Sevilla,Real Estate,17,False
1007,Sergio Alonso Muñoz,AI Researcher,Rome,Consulting,16,True
1008,Carmen Gómez Muñoz,QA Engineer,Paris,Gaming,9,False
1009,Luis García Alonso,Data Analyst,Bilbao,Gaming,11,False
1010,Paula García Jiménez,Cybersecurity Analyst,Sevilla,Cybersecurity,11,False
1011,Raúl Ruiz Fernández,Sales Engineer,Alicante,Manufacturing,7,False
1012,Diego Alonso González,Consultant,Valencia,Logistics,3,False
1013,Javier García Romero,DevOps Engineer,Barcelona,Biotech,13,False
1014,Laura Díaz Gómez,Data Analyst,Dublin,Software,10,False
1015,Paula Hernández Jiménez,QA Engineer,Sevilla,Real Estate,3,False
1016,Sofía Jiménez Muñoz,UX Designer,Lisboa,Consulting,19,False
1017,Álvaro Díaz Sánchez,AI Researcher,Valencia,Retail,9,False
1018,Luis Martin Alonso,Cybersecurity Analyst,Alicante,FinTech,18,True
1019,Paula Jiménez Gómez,Data Engineer,Amsterdam,Real Estate,13,True
1020,Álvaro González Martin,UX Designer,Valladolid,Cybersecurity,17,False
1021,Sofía Díaz Hernández,Product Manager,Brussels,Biotech,17,True
1022,Ana Álvarez Martínez,QA Engineer,Dublin,Retail,14,False
1023,Sergio Gutiérrez Díaz,QA Engineer,Barcelona,Retail,11,False
1024,Lucía Pérez López,Consultant,Valladolid,Cybersecurity,13,False
1025,Marta Sánchez Díaz,Product Manager,Valladolid,Consulting,8,False
1026,Mario Pérez Hernández,Full-Stack Developer,Sevilla,EdTech,6,True
1027,Pablo Martin Moreno,AI Researcher,Rome,Cybersecurity,13,False
1028,Luis Sánchez Martínez,Product Manager,Bilbao,Software,8,False
1029,Sergio Martínez Fernández,Consultant,Dublin,Software,1,True
1030,Irene Gutiérrez Martin,Business Analyst,Valencia,Cybersecurity,11,False
1031,Marta Hernández López,Full-Stack Developer,Sevilla,HealthTech,16,False
1032,Paula Álvarez Gómez,AI Researcher,Valencia,Manufacturing,19,True
1033,Irene Jiménez Alonso,Consultant,Paris,Manufacturing,13,True
1034,Lucía Rodríguez Martínez,Full-Stack Developer,Murcia,Biotech,13,False
1035,Paula Fernández Muñoz,UX Designer,Porto,HealthTech,10,False
1036,Raúl Muñoz Pérez,Product Manager,Bilbao,Gaming,15,False
1037,Álvaro Martin García,Sales Engineer,Brussels,Telecom,1,False
1038,Pablo Gómez Romero,Cybersecurity Analyst,Valladolid,Gaming,3,False
1039,Pablo Moreno Hernández,Data Analyst,Paris,Energy,9,True
1040,Pablo Martin Sánchez,Business Analyst,Málaga,Biotech,20,False
1041,Raúl Fernández Gómez,Business Analyst,Valencia,Real Estate,15,False
1042,Raúl Jiménez Díaz,Business Analyst,Sevilla,Consulting,8,False
1043,Marta Ruiz Díaz,QA Engineer,Rome,Media,14,False
1044,Ana Fernández Martínez,Sales Engineer,London,EdTech,0,False
1045,Sofía Martin Jiménez,QA Engineer,Valencia,HealthTech,5,True
1046,Laura López Gutiérrez,Sales Engineer,Berlin,Media,14,False
1047,Lucía Gómez Martínez,Sales Engineer,Amsterdam,Media,9,True
1048,Marta Díaz Ruiz,Backend Developer,Paris,AI,18,True
1049,Ana García Romero,Sales Engineer,Brussels,Manufacturing,2,False
1050,Sofía Gómez Martínez,Data Analyst,Paris,Cybersecurity,19,False
1051,Lucía González Ruiz,Backend Developer,Amsterdam,HealthTech,0,False
1052,Laura Díaz Moreno,Business Analyst,Dublin,HealthTech,7,False
1053,Sofía Sánchez Gómez,Product Manager,Dublin,AI,4,False
1054,Sofía Gutiérrez Sánchez,Business Analyst,Valladolid,Retail,13,True
1055,Raúl López García,Product Manager,Murcia,Manufacturing,19,False
1056,Pablo Ruiz Alonso,Sales Engineer,London,FinTech,0,False
1057,Lucía Jiménez Hernández,Sales Engineer,Zaragoza,AI,13,False
1058,Mario Gómez González,Data Engineer,Rome,Telecom,1,False
1059,Pablo Muñoz Ruiz,QA Engineer,Brussels,Telecom,0,False
1060,Laura Gutiérrez Hernández,Product Manager,Paris,Gaming,4,False
1061,Luis Alonso Martínez,Product Manager,Málaga,Real Estate,10,False
1062,Lucía González Jiménez,Consultant,Milan,Cybersecurity,4,False
1063,Carlos Jiménez Fernández,Backend Developer,Dublin,Energy,11,False
1064,Diego Gómez Gutiérrez,Business Analyst,Murcia,Media,13,True
1065,Irene Muñoz López,UX Designer,London,Telecom,6,True
1066,Luis Pérez Martínez,Data Analyst,Dublin,Energy,5,False
1067,Nuria Díaz Rodríguez,AI Researcher,Barcelona,Biotech,11,False
1068,Sergio Muñoz Moreno,AI Researcher,Sevilla,EdTech,3,False
1069,Marta Sánchez Martin,Backend Developer,Málaga,Energy,18,False
1070,Paula Sánchez Alonso,Data Analyst,Milan,Consulting,13,True
1071,Pablo Muñoz Rodríguez,DevOps Engineer,Madrid,Logistics,3,False
1072,Álvaro Alonso Rodríguez,Business Analyst,Lisboa,EdTech,0,True
1073,Nuria Muñoz Moreno,Sales Engineer,Murcia,Software,10,True
1074,Mario Moreno Jiménez,Consultant,Amsterdam,EdTech,6,True
1075,Diego Jiménez Fernández,Consultant,Valencia,AI,2,False
1076,Elena Martínez Pérez,Cloud Architect,Paris,FinTech,0,True
1077,Javier Hernández Hernández,Product Manager,Bilbao,HealthTech,9,False
1078,Raúl Martin Gutiérrez,Backend Developer,Porto,HealthTech,11,False
1079,Sofía Muñoz Moreno,Cybersecurity Analyst,Dublin,Energy,18,False
1080,Raúl González Díaz,Cloud Architect,Porto,Consulting,13,False
1081,Raúl González Fernández,UX Designer,Lisboa,Biotech,7,False
1082,Lucía Muñoz Álvarez,Sales Engineer,Milan,FinTech,9,False
1083,Raúl González Muñoz,Product Manager,Bilbao,EdTech,9,True
1084,Laura Díaz Martin,QA Engineer,Barcelona,FinTech,1,False
1085,Carlos Álvarez Díaz,Cybersecurity Analyst,Sevilla,Biotech,18,False
1086,Álvaro Gómez Alonso,Data Engineer,Milan,Software,3,False
1087,Nuria Martínez Martínez,Business Analyst,Paris,Telecom,2,False
1088,Diego Jiménez Alonso,Consultant,London,Biotech,19,False
1089,Irene Martínez Sánchez,Backend Developer,Valencia,Energy,3,False
1090,Sergio García García,Cybersecurity Analyst,Sevilla,Software,5,False
1091,Hugo Moreno Hernández,Business Analyst,Brussels,Real Estate,9,False
1092,Mario Ruiz Hernández,Cloud Architect,Valladolid,FinTech,4,True
1093,Ana Sánchez Rodríguez,Business Analyst,Madrid,Retail,0,True
1094,Hugo López Pérez,Cybersecurity Analyst,Rome,Retail,2,False
1095,Nuria López Muñoz,Cybersecurity Analyst,Madrid,HealthTech,5,True
1096,Nuria Muñoz Muñoz,Data Analyst,London,Manufacturing,6,False
1097,Paula Hernández Fernández,DevOps Engineer,Madrid,HealthTech,20,False
1098,Raúl Díaz Muñoz,Consultant,Amsterdam,Logistics,1,False
1099,Carmen Muñoz Álvarez,QA Engineer,Brussels,Real Estate,7,False
1100,Luis Álvarez García,Cybersecurity Analyst,Amsterdam,Media,17,True
1101,Elena Díaz Muñoz,Data Engineer,Dublin,Gaming,14,False
1102,Raúl García Martínez,Product Manager,Zaragoza,Real Estate,11,False
1103,Pablo Álvarez Pérez,QA Engineer,Lisboa,Biotech,4,False
1104,Carmen Díaz Ruiz,Cloud Architect,Dublin,Consulting,19,True
1105,Diego González Muñoz,Backend Developer,Málaga,Retail,5,False
1106,Hugo Rodríguez Díaz,AI Researcher,Valladolid,Manufacturing,6,False
1107,Luis García Ruiz,Product Manager,Porto,Consulting,5,False
1108,Luis González Jiménez,Cybersecurity Analyst,Sevilla,Manufacturing,3,False
1109,Pablo Muñoz Gómez,DevOps Engineer,Porto,Telecom,17,False
1110,Lucía Álvarez Gutiérrez,Sales Engineer,Sevilla,Telecom,14,False
1111,Carlos Rodríguez Gutiérrez,QA Engineer,Sevilla,Telecom,16,True
1112,Javier Rodríguez Sánchez,DevOps Engineer,Málaga,Logistics,14,False
1113,Hugo Rodríguez López,Sales Engineer,Porto,Media,4,True
1114,Sofía Moreno Díaz,Cloud Architect,Madrid,Manufacturing,15,False
1115,Diego Álvarez Martínez,Data Engineer,Murcia,Gaming,13,False
1116,Pablo López Álvarez,Cybersecurity Analyst,Alicante,EdTech,13,False
1117,Raúl Moreno Álvarez,Cloud Architect,Porto,Software,14,True
1118,Ana Álvarez González,Data Engineer,Lisboa,Media,12,True
1119,Raúl Fernández Hernández,Cloud Architect,Barcelona,EdTech,18,True
1120,Laura Martin Díaz,Cybersecurity Analyst,Rome,Logistics,10,False
1121,Ana Gómez Álvarez,QA Engineer,Bilbao,AI,14,False
1122,Sofía Romero Gutiérrez,Cloud Architect,Brussels,Biotech,11,False
1123,Carmen Sánchez Martin,Data Engineer,Barcelona,Media,12,False
1124,Lucía Álvarez Romero,Product Manager,Zaragoza,FinTech,16,False
1125,Diego Álvarez Jiménez,Cloud Architect,Málaga,Software,0,False
1126,Paula Gómez Pérez,Business Analyst,Valladolid,Cybersecurity,16,True
1127,Luis Ruiz Gómez,Sales Engineer,Milan,Gaming,3,True
1128,Carlos Moreno Martin,QA Engineer,Madrid,Biotech,10,True
1129,Paula Alonso Romero,Business Analyst,Brussels,Manufacturing,11,False
1130,Diego Alonso López,Consultant,Paris,Manufacturing,3,False
1131,Laura Alonso Sánchez,Business Analyst,Porto,Biotech,3,True
1132,Raúl Díaz González,Data Engineer,Barcelona,Cybersecurity,4,False
1133,Sofía Moreno González,DevOps Engineer,Milan,AI,18,False
1134,Laura Hernández Gómez,QA Engineer,Dublin,Cybersecurity,14,False
1135,Hugo Díaz Martínez,Backend Developer,Milan,EdTech,15,False
1136,Nuria López Álvarez,Business Analyst,Milan,HealthTech,6,False
1137,Hugo Fernández Martínez,UX Designer,Porto,HealthTech,19,False
1138,Carlos Rodríguez Ruiz,QA Engineer,Valladolid,Telecom,16,True
1139,Carlos Ruiz Martin,DevOps Engineer,Valladolid,Logistics,15,True
1140,Lucía López Alonso,Cybersecurity Analyst,Barcelona,Logistics,9,True
1141,Javier Muñoz García,Data Engineer,Rome,Gaming,2,True
1142,Raúl Muñoz Alonso,Product Manager,Amsterdam,Biotech,10,False
1143,Hugo Gutiérrez López,Cloud Architect,Bilbao,Biotech,14,False
1144,Nuria López Jiménez,Data Engineer,Brussels,Cybersecurity,12,True
1145,Carmen Jiménez Romero,Data Analyst,London,Energy,20,True
1146,Javier García Alonso,Sales Engineer,Valladolid,HealthTech,20,False
1147,Marta Sánchez Gutiérrez,UX Designer,Amsterdam,Telecom,18,False
1148,Sofía Muñoz Álvarez,Data Analyst,Sevilla,Consulting,0,False
1149,Sofía Pérez Alonso,AI Researcher,Valencia,Media,12,False
1150,Luis Muñoz García,DevOps Engineer,Berlin,Consulting,13,True
1151,Laura Jiménez Hernández,Product Manager,Valencia,HealthTech,3,False
1152,Javier Martin López,Backend Developer,Murcia,FinTech,4,False
1153,Raúl Martínez Fernández,QA Engineer,Lisboa,Consulting,0,False
1154,Luis Martin Hernández,Data Engineer,Lisboa,EdTech,13,False
1155,Elena Hernández Rodríguez,Data Analyst,Zaragoza,Manufacturing,19,False
1156,Pablo Muñoz Álvarez,Cloud Architect,Milan,AI,3,False
1157,Luis Jiménez Moreno,UX Designer,Berlin,FinTech,15,True
1158,Raúl Pérez García,Product Manager,Rome,HealthTech,7,False
1159,Lucía Martin Alonso,Cybersecurity Analyst,London,FinTech,20,False
1160,Sofía López Ruiz,UX Designer,Málaga,Manufacturing,17,False
1161,Sergio Moreno Fernández,Data Analyst,London,Logistics,20,True
1162,Ana Fernández Muñoz,Product Manager,Brussels,Energy,12,False
1163,Sofía Alonso Álvarez,Product Manager,Barcelona,Consulting,17,False
1164,Marta Martin González,Cybersecurity Analyst,Sevilla,EdTech,17,False
1165,Raúl Sánchez Gutiérrez,UX Designer,Lisboa,Media,20,False
1166,Nuria Gómez Pérez,Sales Engineer,Lisboa,Media,6,False
1167,Mario Jiménez García,Consultant,Bilbao,Software,19,False
1168,Ana García Martínez,Cybersecurity Analyst,Rome,Real Estate,12,False
1169,Marta González Romero,Data Analyst,London,HealthTech,11,False
1170,Mario Ruiz Hernández,Backend Developer,Madrid,HealthTech,14,False
1171,Sofía Moreno García,Full-Stack Developer,Madrid,Energy,11,True
1172,Marta Gutiérrez Martin,Cloud Architect,Alicante,Manufacturing,15,False
1173,Luis Gómez Muñoz,Consultant,Brussels,Retail,0,True
1174,Carmen Rodríguez Gómez,QA Engineer,Milan,Real Estate,5,False
1175,Sofía Alonso Gutiérrez,QA Engineer,Málaga,FinTech,18,True
1176,Marta López Gómez,QA Engineer,Alicante,Energy,6,False
1177,Ana Romero Gutiérrez,Product Manager,Rome,Biotech,0,False
1178,Luis Jiménez Díaz,Business Analyst,Berlin,Energy,3,False
1179,Laura Moreno Muñoz,DevOps Engineer,Milan,Telecom,7,True
1180,Elena Díaz Romero,AI Researcher,Lisboa,Software,12,True
1181,Irene González Alonso,Cloud Architect,Madrid,Manufacturing,13,True
1182,Pablo Sánchez Martínez,DevOps Engineer,Valladolid,FinTech,20,False
1183,Carlos García Muñoz,Cybersecurity Analyst,Madrid,Media,8,True
1184,Carlos Muñoz Pérez,DevOps Engineer,Barcelona,Media,16,True
1185,Marta Gutiérrez Gutiérrez,AI Researcher,Sevilla,Biotech,18,True
1186,Marta Fernández Fernández,Cybersecurity Analyst,Lisboa,FinTech,4,True
1187,Nuria Fernández Martin,QA Engineer,Berlin,FinTech,3,False
1188,Luis Romero Fernández,Product Manager,Paris,AI,3,False
1189,Raúl Pérez Gutiérrez,Cloud Architect,Brussels,Software,14,False
1190,Nuria Díaz Gutiérrez,QA Engineer,Sevilla,Media,20,False
1191,Ana Moreno Álvarez,DevOps Engineer,Amsterdam,Retail,3,True
1192,Ana Gutiérrez González,QA Engineer,Zaragoza,EdTech,20,False
1193,Elena Ruiz Díaz,AI Researcher,Brussels,Biotech,5,True
1194,Lucía Fernández Fernández,Backend Developer,Valladolid,Cybersecurity,16,False
1195,Álvaro Martin Alonso,UX Designer,Bilbao,EdTech,15,False
1196,Mario Jiménez Martin,DevOps Engineer,Madrid,EdTech,1,True
1197,Laura Romero Fernández,Cybersecurity Analyst,Porto,Retail,6,False
1198,Sofía González Jiménez,Full-Stack Developer,Dublin,Biotech,19,False
1199,Irene Alonso Alonso,DevOps Engineer,Brussels,Logistics,13,False
1200,Javier Rodríguez Moreno,Cloud Architect,Barcelona,Real Estate,7,True
1201,Pablo Pérez Moreno,QA Engineer,Zaragoza,Manufacturing,15,False
1202,Irene Hernández Sánchez,Cybersecurity Analyst,Málaga,Software,11,True
1203,Marta Ruiz García,UX Designer,Sevilla,EdTech,9,False
1204,Sofía Alonso Ruiz,Data Analyst,Madrid,Retail,6,False
1205,Javier Pérez Gómez,Consultant,Málaga,Media,17,True
1206,Javier Sánchez García,Backend Developer,Murcia,HealthTech,0,False
1207,Lucía Hernández Rodríguez,DevOps Engineer,Zaragoza,Logistics,14,True
1208,Álvaro Ruiz Martínez,UX Designer,Brussels,Cybersecurity,2,True
1209,Lucía López Sánchez,Full-Stack Developer,Rome,AI,11,False
1210,Mario Díaz Pérez,Data Analyst,Brussels,Retail,17,False
1211,Lucía Jiménez Pérez,Data Analyst,Murcia,EdTech,16,False
1212,Hugo Sánchez González,Cloud Architect,Dublin,FinTech,5,False
1213,Carmen Álvarez Ruiz,AI Researcher,Milan,Biotech,5,False
1214,Álvaro Álvarez Muñoz,Consultant,Dublin,Real Estate,8,False
1215,Carmen Alonso Fernández,Full-Stack Developer,Alicante,Retail,14,True
1216,Carmen Sánchez Martin,Cybersecurity Analyst,Paris,Consulting,11,False
1217,Sergio González López,Cloud Architect,Valencia,Logistics,14,False
1218,Álvaro Pérez Alonso,Data Analyst,London,Media,13,False
1219,Nuria Díaz Díaz,DevOps Engineer,Dublin,Media,8,False
1220,Ana Martínez Moreno,Full-Stack Developer,Murcia,FinTech,11,True
1221,Diego Álvarez Álvarez,UX Designer,Valencia,Energy,7,True
1222,Carlos González Ruiz,Data Analyst,Rome,Retail,10,True
1223,Irene Gómez Martin,Consultant,Murcia,Retail,19,True
1224,Sergio Gómez García,Cloud Architect,Valladolid,Logistics,11,False
1225,Carmen Alonso García,AI Researcher,Milan,EdTech,12,True
1226,Pablo Sánchez Muñoz,Full-Stack Developer,Milan,Biotech,14,False
1227,Marta Jiménez Sánchez,Cybersecurity Analyst,Berlin,Retail,14,False
1228,Sergio García Ruiz,Backend Developer,Amsterdam,EdTech,9,False
1229,Ana Muñoz Ruiz,DevOps Engineer,Alicante,Cybersecurity,13,False
1230,Carmen Romero Martin,DevOps Engineer,Amsterdam,Software,18,True
1231,Lucía López Jiménez,QA Engineer,Brussels,AI,12,True
1232,Carmen González Romero,Cybersecurity Analyst,Zaragoza,Real Estate,3,False
1233,Paula Moreno Martin,Data Engineer,Málaga,HealthTech,17,True
1234,Luis Gutiérrez Muñoz,Data Analyst,Málaga,Retail,2,False
1235,Diego Sánchez Pérez,Product Manager,Milan,FinTech,14,True
1236,Álvaro Álvarez García,Backend Developer,Lisboa,Cybersecurity,12,True
1237,Carlos López Romero,Cybersecurity Analyst,Dublin,FinTech,12,True
1238,Lucía Sánchez Martin,Cybersecurity Analyst,Dublin,Consulting,19,False
1239,Diego Alonso Sánchez,UX Designer,London,Energy,6,True
1240,Lucía Moreno González,Business Analyst,Paris,Manufacturing,16,False
1241,Paula Muñoz Moreno,AI Researcher,Amsterdam,Telecom,2,False
1242,Nuria Ruiz Martin,Cybersecurity Analyst,Brussels,Consulting,13,True
1243,Javier Gutiérrez Díaz,AI Researcher,Paris,Consulting,18,True
1244,Carmen Fernández Pérez,Business Analyst,Málaga,Energy,20,False
1245,Diego González Sánchez,AI Researcher,Berlin,HealthTech,11,True
1246,Carlos Álvarez Jiménez,Cybersecurity Analyst,London,Consulting,8,True
1247,Laura Fernández Moreno,Data Analyst,Valencia,Biotech,12,False
1248,Carmen Sánchez Hernández,Data Analyst,Madrid,Energy,3,False
1249,Lucía Jiménez Moreno,AI Researcher,London,FinTech,2,False
1250,Pablo Moreno López,AI Researcher,Murcia,Consulting,5,True
1251,Mario Rodríguez Martínez,Product Manager,Sevilla,AI,5,True
1252,Ana Gómez López,AI Researcher,Porto,Consulting,6,False
1253,Luis Romero Sánchez,AI Researcher,Barcelona,HealthTech,12,False
1254,Diego Moreno Fernández,QA Engineer,Madrid,Telecom,12,True
1255,Pablo Ruiz Pérez,Full-Stack Developer,Valencia,Software,13,True
1256,Ana Jiménez Sánchez,Sales Engineer,Valencia,Manufacturing,3,False
1257,Javier Martínez Fernández,Cybersecurity Analyst,Milan,HealthTech,10,False
1258,Sergio Sánchez Gutiérrez,Full-Stack Developer,Rome,AI,13,True
1259,Pablo Sánchez Rodríguez,DevOps Engineer,Lisboa,Consulting,0,False
1260,Irene García Hernández,Full-Stack Developer,London,Manufacturing,2,False
1261,Elena Gutiérrez Ruiz,Data Analyst,Valencia,Retail,13,False
1262,Mario Muñoz Rodríguez,Consultant,Rome,Consulting,8,True
1263,Mario Jiménez Hernández,Sales Engineer,Bilbao,Media,5,False
1264,Irene Muñoz González,DevOps Engineer,Madrid,Biotech,12,False
1265,Pablo Álvarez Alonso,Consultant,Madrid,Manufacturing,0,False
1266,Carlos Martin Pérez,Consultant,Berlin,Manufacturing,19,True
1267,Luis López Ruiz,AI Researcher,Valladolid,Retail,4,False
1268,Sofía Fernández Pérez,Consultant,Brussels,Biotech,10,True
1269,Elena Jiménez Fernández,UX Designer,Berlin,Logistics,0,True
1270,Irene Jiménez Pérez,Full-Stack Developer,Rome,Telecom,7,False
1271,Pablo Gutiérrez Hernández,UX Designer,Lisboa,Consulting,14,False
1272,Ana González Muñoz,Data Engineer,Zaragoza,Telecom,20,True
1273,Sofía López González,Backend Developer,Amsterdam,Retail,7,False
1274,Marta Díaz Moreno,Product Manager,Málaga,Retail,7,False
1275,Javier Gutiérrez Pérez,Product Manager,Valladolid,Biotech,20,True
1276,Elena Muñoz González,DevOps Engineer,Paris,AI,5,False
1277,Nuria Díaz Álvarez,QA Engineer,Berlin,EdTech,15,True
1278,Carmen Díaz González,Cloud Architect,Valladolid,EdTech,17,False
1279,Javier Gómez Hernández,AI Researcher,Valladolid,Biotech,9,False
1280,Sergio Gutiérrez Muñoz,Data Engineer,Lisboa,EdTech,15,True
1281,Lucía Sánchez García,Data Analyst,Milan,Gaming,15,False
1282,Raúl Hernández Ruiz,Cybersecurity Analyst,Dublin,Logistics,20,False
1283,Marta Díaz Fernández,Data Engineer,Paris,Consulting,6,False
1284,Elena Ruiz Álvarez,Consultant,Dublin,Gaming,1,False
1285,Carmen Díaz Pérez,Full-Stack Developer,Dublin,Telecom,11,False
1286,Ana López Gómez,QA Engineer,London,EdTech,8,True
1287,Mario Alonso Martínez,Data Analyst,Sevilla,FinTech,20,False
1288,Carmen Hernández Alonso,Data Engineer,Milan,Retail,13,True
1289,Raúl Gómez Martin,UX Designer,Rome,AI,18,False
1290,Raúl González Rodríguez,Sales Engineer,Amsterdam,Gaming,4,False
1291,Sofía Hernández Martin,Data Analyst,Málaga,Real Estate,0,True
1292,Marta Díaz Álvarez,Cybersecurity Analyst,Valladolid,Cybersecurity,5,True
1293,Álvaro Martínez López,Full-Stack Developer,Dublin,Consulting,16,True
1294,Nuria Alonso Sánchez,Backend Developer,Zaragoza,Telecom,5,True
1295,Elena Díaz Moreno,Sales Engineer,Brussels,HealthTech,20,True
1296,Marta Martin González,Cybersecurity Analyst,Sevilla,Energy,2,False
1297,Ana Alonso Pérez,AI Researcher,Dublin,HealthTech,0,True
1298,Elena García Alonso,Cloud Architect,Barcelona,HealthTech,6,False
1299,Ana Hernández Gutiérrez,UX Designer,Murcia,Real Estate,15,False
1300,Mario Díaz Jiménez,DevOps Engineer,Lisboa,Media,7,False
1301,Carmen Hernández Gutiérrez,Data Analyst,Porto,Media,3,True
1302,Nuria Hernández López,Data Analyst,Brussels,HealthTech,16,False
1303,Pablo Ruiz Moreno,QA Engineer,Dublin,Cybersecurity,6,True
1304,Irene García Ruiz,Business Analyst,Barcelona,Media,14,True
1305,Mario Muñoz Hernández,Consultant,Brussels,FinTech,11,False
1306,Hugo Rodríguez Hernández,Product Manager,Brussels,Retail,4,False
1307,Paula Álvarez Fernández,Backend Developer,Dublin,FinTech,9,False
1308,Sergio Moreno Martínez,AI Researcher,Sevilla,Real Estate,17,True
1309,Pablo Sánchez Martínez,Cloud Architect,Valencia,HealthTech,13,False
1310,Ana Martínez Jiménez,Cybersecurity Analyst,Murcia,Manufacturing,8,False
1311,Hugo Rodríguez López,UX Designer,Dublin,FinTech,10,True
1312,Paula Gutiérrez González,Sales Engineer,Lisboa,AI,12,False
1313,Sergio Díaz Pérez,Full-Stack Developer,Murcia,HealthTech,9,True
1314,Carlos González Jiménez,Consultant,Amsterdam,Retail,3,False
1315,Álvaro López Jiménez,Cybersecurity Analyst,Amsterdam,Software,9,True
1316,Paula Romero Sánchez,Business Analyst,Paris,Cybersecurity,10,False
1317,Lucía Álvarez Gutiérrez,QA Engineer,Alicante,HealthTech,12,True
1318,Sergio Moreno Jiménez,Backend Developer,Valladolid,Manufacturing,15,False
1319,Nuria López Gutiérrez,Product Manager,Bilbao,Telecom,19,False
1320,Diego Álvarez Rodríguez,Product Manager,Amsterdam,Real Estate,20,True
1321,Hugo Martin Hernández,Data Analyst,Lisboa,EdTech,6,False
1322,Pablo Fernández Martínez,Business Analyst,Dublin,AI,9,False
1323,Javier García Romero,Cybersecurity Analyst,Lisboa,Cybersecurity,15,False
1324,Carmen Hernández González,UX Designer,Valladolid,Logistics,6,False
1325,Sergio Hernández Rodríguez,Backend Developer,Lisboa,Telecom,9,False
1326,Javier Alonso López,AI Researcher,Dublin,Logistics,4,True
1327,Sofía Sánchez García,DevOps Engineer,Amsterdam,HealthTech,4,False
1328,Raúl Martínez Fernández,Data Engineer,Porto,Real Estate,5,True
1329,Carlos Álvarez Jiménez,QA Engineer,Berlin,EdTech,20,False
1330,Carmen Pérez Fernández,Data Engineer,Alicante,AI,15,False
1331,Mario Martínez Hernández,Cloud Architect,Valencia,Biotech,20,False
1332,Elena Moreno Ruiz,Data Analyst,Sevilla,HealthTech,2,True
1333,Hugo Álvarez Pérez,Data Analyst,Amsterdam,Real Estate,8,False
1334,Carlos Alonso Martínez,Cybersecurity Analyst,Dublin,Cybersecurity,9,False
1335,Lucía Rodríguez Jiménez,Data Engineer,Rome,Consulting,12,False
1336,Ana Hernández Romero,Business Analyst,Rome,Real Estate,2,False
1337,Paula Romero Rodríguez,Cloud Architect,Zaragoza,HealthTech,5,False
1338,Javier García Romero,AI Researcher,Lisboa,HealthTech,1,True
1339,Paula Sánchez Martínez,Data Engineer,Rome,Energy,1,True
1340,Carlos Álvarez Martin,DevOps Engineer,Rome,Consulting,13,False
1341,Ana Pérez Martin,Data Analyst,Milan,Logistics,17,False
1342,Lucía Alonso Muñoz,Consultant,Lisboa,Gaming,19,False
1343,Laura Sánchez Rodríguez,Sales Engineer,Barcelona,Manufacturing,1,True
1344,Lucía Martin Sánchez,Backend Developer,Brussels,Retail,18,False
1345,Elena López Gutiérrez,Cybersecurity Analyst,Valencia,Energy,8,False
1346,Javier Hernández Moreno,Data Engineer,Murcia,Cybersecurity,4,False
1347,Sofía González Gómez,Sales Engineer,Zaragoza,Gaming,18,False
1348,Laura Gutiérrez Martínez,Cybersecurity Analyst,Bilbao,Media,13,False
1349,Ana Gutiérrez Pérez,Data Engineer,Murcia,HealthTech,17,True
1350,Sergio Díaz González,DevOps Engineer,Valencia,Gaming,10,False
1351,Lucía Pérez Gómez,Data Analyst,Sevilla,AI,7,False
1352,Carlos Rodríguez Martínez,UX Designer,Valladolid,Real Estate,3,False
1353,Álvaro Alonso Martin,UX Designer,Murcia,HealthTech,1,True
1354,Irene Hernández Martínez,DevOps Engineer,Rome,AI,15,False
1355,Lucía Gómez García,Sales Engineer,Milan,EdTech,4,True
1356,Carmen Alonso Gómez,Data Analyst,Porto,Manufacturing,19,False
1357,Nuria Martínez Moreno,DevOps Engineer,London,Logistics,8,False
1358,Laura Pérez Martin,Sales Engineer,Valencia,Logistics,13,False
1359,Marta González González,Consultant,Alicante,FinTech,5,False
1360,Luis González Martin,UX Designer,Dublin,Software,13,False
1361,Laura López Muñoz,AI Researcher,Milan,HealthTech,12,True
1362,Mario Sánchez García,Consultant,Berlin,Gaming,7,False
1363,Laura Gutiérrez Fernández,QA Engineer,London,Consulting,16,True
1364,Javier González Ruiz,Business Analyst,Bilbao,Gaming,1,False
1365,Hugo Hernández Martínez,DevOps Engineer,Sevilla,Media,7,False
1366,Carlos Martin Martin,AI Researcher,Valladolid,Energy,6,True
1367,Paula Hernández Sánchez,Product Manager,Milan,Telecom,14,False
1368,Hugo Fernández Ruiz,Data Analyst,Brussels,Biotech,10,False
1369,Álvaro Rodríguez García,DevOps Engineer,Málaga,AI,11,True
1370,Carlos Díaz Muñoz,Full-Stack Developer,Valencia,EdTech,13,True
1371,Hugo García López,Cloud Architect,Murcia,Manufacturing,15,False
1372,Álvaro Martin Ruiz,Cybersecurity Analyst,Málaga,Energy,3,False
1373,Nuria Martínez López,DevOps Engineer,Berlin,Software,11,False
1374,Sofía Rodríguez Sánchez,Product Manager,Barcelona,EdTech,12,False
1375,Irene Fernández Martínez,Sales Engineer,Zaragoza,Real Estate,8,True
1376,Raúl Muñoz Romero,AI Researcher,Bilbao,Media,12,False
1377,Carmen López Rodríguez,Data Engineer,Madrid,EdTech,4,False
1378,Laura García Pérez,Data Analyst,Lisboa,Cybersecurity,19,False
1379,Ana Díaz Muñoz,Product Manager,Valladolid,Real Estate,2,False
1380,Pablo Gutiérrez López,Consultant,Milan,Consulting,7,False
1381,Carlos Gómez Pérez,Sales Engineer,Berlin,Retail,15,False
1382,Carlos Álvarez Gutiérrez,Backend Developer,Zaragoza,EdTech,7,True
1383,Lucía Hernández Fernández,Product Manager,Zaragoza,EdTech,13,True
1384,Mario Sánchez González,Business Analyst,Barcelona,AI,13,False
1385,Diego Pérez Pérez,DevOps Engineer,Berlin,Real Estate,1,False
1386,Raúl Fernández Martin,Data Engineer,Murcia,Gaming,8,False
1387,Raúl Pérez Jiménez,Data Analyst,Málaga,Telecom,0,True
1388,Irene Sánchez Martin,AI Researcher,Murcia,HealthTech,13,True
1389,Elena Muñoz Ruiz,DevOps Engineer,Valladolid,HealthTech,3,False
1390,Ana Romero López,DevOps Engineer,Porto,Gaming,18,False
1391,Mario Ruiz Pérez,Sales Engineer,Murcia,Retail,18,False
1392,Marta Rodríguez López,Sales Engineer,Brussels,HealthTech,1,False
1393,Sofía Sánchez Moreno,Data Engineer,Valencia,Media,9,False
1394,Hugo Sánchez Romero,Consultant,Bilbao,Telecom,4,True
1395,Raúl Romero Gómez,Cloud Architect,Rome,Gaming,11,False
1396,Carlos Díaz González,AI Researcher,Berlin,Software,5,False
1397,Elena López Martin,Data Analyst,Amsterdam,Telecom,6,False
1398,Carmen Muñoz Romero,Business Analyst,Milan,FinTech,5,False
1399,Laura Hernández Romero,Cloud Architect,Paris,AI,19,False
1400,Sofía Martínez García,Backend Developer,Amsterdam,Retail,18,False
1401,Ana Álvarez Moreno,UX Designer,Milan,Energy,9,True
1402,Diego Gómez Romero,Data Engineer,Málaga,Manufacturing,1,False
1403,Pablo Martin Fernández,Sales Engineer,Bilbao,Energy,4,False
1404,Luis Pérez Sánchez,UX Designer,Sevilla,Software,20,False
1405,Mario Ruiz Jiménez,Data Engineer,Rome,Energy,4,False
1406,Mario Martin Jiménez,Data Analyst,Madrid,Gaming,7,False
1407,Elena Martínez Gómez,Data Analyst,Rome,HealthTech,12,False
1408,Elena Gutiérrez Romero,Full-Stack Developer,London,Manufacturing,10,False
1409,Sofía Alonso Hernández,Backend Developer,London,Manufacturing,13,False
1410,Lucía Muñoz González,AI Researcher,Málaga,Biotech,5,True
1411,Sofía Alonso Muñoz,Consultant,Málaga,Logistics,0,False
1412,Javier Martínez Hernández,Sales Engineer,Brussels,Retail,2,True
1413,Marta Díaz Pérez,AI Researcher,Paris,HealthTech,16,True
1414,Ana Gutiérrez Rodríguez,Cybersecurity Analyst,Paris,Software,3,True
1415,Luis López Pérez,Cloud Architect,Valencia,Energy,4,False
1416,Mario García García,Cloud Architect,Sevilla,Media,2,True
1417,Lucía Muñoz Alonso,AI Researcher,Málaga,Logistics,10,False
1418,Lucía Pérez Fernández,UX Designer,Murcia,HealthTech,0,True
1419,Carlos Romero Martin,Data Engineer,Milan,Cybersecurity,4,True
1420,Pablo García Pérez,Cybersecurity Analyst,Paris,EdTech,11,False
1421,Diego Pérez Hernández,Sales Engineer,Sevilla,Real Estate,5,True
1422,Pablo Rodríguez Martin,DevOps Engineer,Valencia,Media,3,False
1423,Marta Fernández Gutiérrez,Backend Developer,Málaga,Cybersecurity,16,False
1424,Mario Martínez Díaz,Backend Developer,Valladolid,Logistics,11,True
1425,Elena Muñoz Ruiz,Product Manager,Valencia,Software,4,False
1426,Lucía Jiménez López,Cybersecurity Analyst,London,Real Estate,2,True
1427,Paula Díaz Gómez,Backend Developer,Valencia,Media,4,True
1428,Carmen Ruiz Jiménez,AI Researcher,Berlin,Real Estate,13,False
1429,Irene López Pérez,Cybersecurity Analyst,Berlin,Real Estate,17,False
1430,Hugo Romero Romero,Business Analyst,Alicante,AI,2,False
1431,Raúl Álvarez Alonso,Cloud Architect,Alicante,FinTech,7,False
1432,Ana Sánchez García,DevOps Engineer,Rome,Real Estate,4,True
1433,Luis Ruiz Ruiz,Business Analyst,Bilbao,Logistics,14,True
1434,Sergio Díaz Pérez,Full-Stack Developer,Alicante,Telecom,4,True
1435,Lucía Hernández García,Consultant,Berlin,Gaming,1,False
1436,Carlos Alonso González,AI Researcher,Brussels,Consulting,0,True
1437,Álvaro López González,Full-Stack Developer,Valencia,Software,18,False
1438,Lucía Martínez Muñoz,Consultant,Bilbao,Logistics,15,False
1439,Irene Moreno García,Product Manager,Sevilla,EdTech,1,False
1440,Luis Gutiérrez Martínez,UX Designer,Málaga,Software,12,False
1441,Nuria Romero Gómez,QA Engineer,Milan,Logistics,7,False
1442,Javier Gómez González,UX Designer,Paris,EdTech,6,False
1443,Mario Fernández Pérez,Cybersecurity Analyst,Málaga,FinTech,14,False
1444,Irene Hernández Hernández,Backend Developer,Barcelona,Gaming,20,False
1445,Sofía Gómez Rodríguez,Data Engineer,Valencia,Gaming,19,False
1446,Ana Pérez Martin,Backend Developer,Rome,HealthTech,2,True
1447,Mario García Martin,Full-Stack Developer,Rome,Retail,20,True
1448,Pablo Gómez González,QA Engineer,Amsterdam,Telecom,18,False
1449,Luis Fernández Jiménez,Data Engineer,Valladolid,Software,11,False
1450,Carmen Álvarez Sánchez,DevOps Engineer,Paris,Gaming,4,False
1451,Carlos Jiménez Díaz,Consultant,Milan,HealthTech,16,True
1452,Ana Alonso Hernández,AI Researcher,Amsterdam,Telecom,9,True
1453,Lucía Moreno González,Sales Engineer,Valencia,Manufacturing,6,False
1454,Lucía Martínez Álvarez,UX Designer,Brussels,Media,14,True
1455,Irene Martin Ruiz,QA Engineer,Berlin,Telecom,12,True
1456,Sofía Gutiérrez Gutiérrez,Data Engineer,Bilbao,Real Estate,3,True
1457,Lucía Martin Romero,Business Analyst,Valencia,Real Estate,3,False
1458,Irene Martínez Martin,Backend Developer,Valencia,Energy,18,False
1459,Álvaro González González,Backend Developer,London,Energy,15,False
1460,Nuria López Rodríguez,QA Engineer,Dublin,Telecom,11,False
1461,Carmen Díaz Gutiérrez,Sales Engineer,Bilbao,Biotech,11,False
1462,Mario Jiménez Ruiz,Data Engineer,Berlin,Biotech,8,False
1463,Luis Gutiérrez Fernández,Consultant,Alicante,Software,4,True
1464,Diego Hernández Martínez,QA Engineer,Paris,FinTech,7,False
1465,Nuria González Ruiz,AI Researcher,London,Biotech,3,True
1466,Javier Rodríguez Hernández,Cloud Architect,Berlin,Retail,12,False
1467,Marta Jiménez Jiménez,QA Engineer,Dublin,Retail,15,True
1468,Elena Moreno Fernández,UX Designer,Bilbao,Real Estate,4,False
1469,Sofía Jiménez Alonso,Data Analyst,Brussels,AI,1,False
1470,Raúl Muñoz Sánchez,Data Analyst,Zaragoza,Software,13,False
1471,Elena Martínez González,Backend Developer,Valencia,Energy,12,True
1472,Diego Moreno Díaz,UX Designer,Zaragoza,Energy,5,True
1473,Marta Díaz Jiménez,Cloud Architect,Valladolid,Consulting,6,False
1474,Raúl Muñoz Muñoz,UX Designer,Málaga,Cybersecurity,11,False
1475,Paula Hernández García,UX Designer,Brussels,Retail,2,False
1476,Paula Gutiérrez López,DevOps Engineer,Lisboa,Software,4,False
1477,Lucía Muñoz Jiménez,Data Engineer,Berlin,Energy,16,False
1478,Ana Moreno López,Sales Engineer,London,HealthTech,1,True
1479,Sofía Díaz Romero,Cloud Architect,Málaga,AI,6,False
1480,Sofía Sánchez Alonso,Data Analyst,Porto,Gaming,0,False
1481,Diego Álvarez Rodríguez,Consultant,Dublin,Biotech,13,False
1482,Álvaro Ruiz Romero,Cybersecurity Analyst,Milan,Media,3,True
1483,Nuria Díaz Ruiz,Backend Developer,Rome,Consulting,17,False
1484,Carmen Martin Díaz,Sales Engineer,Valladolid,HealthTech,2,True
1485,Marta García Gutiérrez,Cybersecurity Analyst,Sevilla,Real Estate,19,False
1486,Carlos Moreno Álvarez,QA Engineer,Barcelona,Logistics,13,True
1487,Pablo Moreno Romero,Cybersecurity Analyst,Sevilla,Retail,15,True
1488,Álvaro Moreno Díaz,Business Analyst,Paris,Software,11,True
1489,Laura Martin Gómez,Sales Engineer,Murcia,Logistics,13,False
1490,Pablo García Díaz,Data Analyst,Madrid,Software,4,False
1491,Laura Gutiérrez Jiménez,DevOps Engineer,Málaga,Cybersecurity,7,False
1492,Carmen Sánchez Gutiérrez,Sales Engineer,Paris,Telecom,18,False
1493,Lucía Hernández Martínez,Cybersecurity Analyst,Lisboa,Consulting,13,True
1494,Carlos López Álvarez,Data Engineer,Amsterdam,AI,20,False
1495,Sergio Martínez Jiménez,Full-Stack Developer,Valencia,FinTech,0,False
1496,Ana Alonso López,Data Analyst,Brussels,FinTech,18,False
1497,Ana López Moreno,Sales Engineer,Porto,Consulting,7,False
1498,Pablo Martin Sánchez,UX Designer,Alicante,AI,8,False
1499,Luis Gómez González,Backend Developer,Madrid,HealthTech,3,False
1500,Mario Rodríguez Rodríguez,Backend Developer,Valladolid,Energy,5,True
